-- MySQL dump 10.13  Distrib 8.0.26, for Win64 (x86_64)
--
-- Host: i6a407.p.ssafy.io    Database: pollar
-- ------------------------------------------------------
-- Server version	8.0.28

/*!40101 SET @OLD_CHARACTER_SET_CLIENT=@@CHARACTER_SET_CLIENT */;
/*!40101 SET @OLD_CHARACTER_SET_RESULTS=@@CHARACTER_SET_RESULTS */;
/*!40101 SET @OLD_COLLATION_CONNECTION=@@COLLATION_CONNECTION */;
/*!50503 SET NAMES utf8 */;
/*!40103 SET @OLD_TIME_ZONE=@@TIME_ZONE */;
/*!40103 SET TIME_ZONE='+00:00' */;
/*!40014 SET @OLD_UNIQUE_CHECKS=@@UNIQUE_CHECKS, UNIQUE_CHECKS=0 */;
/*!40014 SET @OLD_FOREIGN_KEY_CHECKS=@@FOREIGN_KEY_CHECKS, FOREIGN_KEY_CHECKS=0 */;
/*!40101 SET @OLD_SQL_MODE=@@SQL_MODE, SQL_MODE='NO_AUTO_VALUE_ON_ZERO' */;
/*!40111 SET @OLD_SQL_NOTES=@@SQL_NOTES, SQL_NOTES=0 */;

--
-- Table structure for table `Category`
--

DROP TABLE IF EXISTS `Category`;
/*!40101 SET @saved_cs_client     = @@character_set_client */;
/*!50503 SET character_set_client = utf8mb4 */;
CREATE TABLE `Category` (
  `categoryId` bigint NOT NULL AUTO_INCREMENT,
  `categoryNameBig` varchar(20) DEFAULT NULL,
  `categoryNameSmall` varchar(20) DEFAULT NULL,
  PRIMARY KEY (`categoryId`)
) ENGINE=InnoDB AUTO_INCREMENT=112 DEFAULT CHARSET=utf8mb3;
/*!40101 SET character_set_client = @saved_cs_client */;

--
-- Dumping data for table `Category`
--

LOCK TABLES `Category` WRITE;
/*!40000 ALTER TABLE `Category` DISABLE KEYS */;
INSERT INTO `Category` VALUES (1,'관심 산업분야','정치'),(2,'관심 산업분야','경제/금융'),(3,'관심 산업분야','마케팅/비즈니스'),(4,'관심 산업분야','예술/디자인'),(5,'관심 산업분야','교육'),(6,'관심 산업분야','법'),(7,'관심 산업분야','수출/무역'),(8,'관심 산업분야','운송'),(9,'관심 산업분야','부동산'),(10,'관심 산업분야','공업'),(11,'관심 산업분야','건설/건축'),(12,'관심 산업분야','바이오/제약'),(13,'관심 산업분야','재무/회계'),(14,'관심 산업분야','IT'),(15,'관심 산업분야','개발/프로그래밍'),(16,'관심 산업분야','농업'),(17,'관심 산업분야','항공업'),(18,'관심 산업분야','어업'),(19,'관심 산업분야','전자/기계/설비'),(20,'관심 산업분야','의학'),(21,'엔터테인먼트','게임'),(22,'엔터테인먼트','이벤트/행사'),(23,'엔터테인먼트','축제/페스티벌'),(24,'엔터테인먼트','영화'),(25,'엔터테인먼트','음악'),(26,'엔터테인먼트','TV'),(27,'엔터테인먼트','공연/전시'),(28,'엔터테인먼트','연예인'),(29,'엔터테인먼트','유튜브'),(30,'가족/친구/연인','가족'),(31,'가족/친구/연인','부모'),(32,'가족/친구/연인','자녀'),(33,'가족/친구/연인','결혼'),(34,'가족/친구/연인','육아'),(35,'가족/친구/연인','우정'),(36,'가족/친구/연인','연애'),(37,'가족/친구/연인','데이트'),(38,'운동/건강','보디빌딩'),(39,'운동/건강','약/영양제'),(40,'운동/건강','운동'),(41,'운동/건강','러닝'),(42,'운동/건강','웨이트'),(43,'운동/건강','요가'),(44,'운동/건강','필라테스'),(45,'운동/건강','헬스케어'),(46,'음식/음료','알콜음료'),(47,'음식/음료','음료'),(48,'음식/음료','요리'),(49,'음식/음료','레시피'),(50,'음식/음료','메뉴추천'),(51,'음식/음료','음식'),(52,'음식/음료','맛집'),(53,'음식/음료','카페/디저트'),(54,'취미/활동','미술'),(55,'취미/활동','음악'),(56,'취미/활동','원예'),(57,'취미/활동','장난감'),(58,'취미/활동','수집'),(59,'취미/활동','여행'),(60,'취미/활동','자동차'),(61,'취미/활동','수공예'),(62,'취미/활동','독서'),(63,'취미/활동','반려동물'),(64,'취미/활동','자기개발'),(65,'쇼핑/패션','뷰티'),(66,'쇼핑/패션','패션'),(67,'쇼핑/패션','악세사리'),(68,'쇼핑/패션','쇼핑'),(69,'쇼핑/패션','헤어'),(70,'쇼핑/패션','네일'),(71,'쇼핑/패션','ootd'),(72,'쇼핑/패션','리셀'),(73,'쇼핑/패션','빈티지'),(74,'스포츠','축구'),(75,'스포츠','야구'),(76,'스포츠','농구'),(77,'스포츠','배구'),(78,'스포츠','테니스'),(79,'스포츠','탁구'),(80,'스포츠','스케이트'),(81,'스포츠','스키'),(82,'스포츠','보드'),(83,'스포츠','클라이밍'),(84,'스포츠','양궁'),(85,'스포츠','사격'),(86,'스포츠','수영'),(87,'스포츠','골프'),(88,'스포츠','아이스하키'),(89,'스포츠','서핑'),(90,'스포츠','컬링'),(91,'스포츠','체조'),(92,'MBTI','INTJ'),(93,'MBTI','INFJ'),(94,'MBTI','ISTJ'),(95,'MBTI','ISTP'),(96,'MBTI','INTP'),(97,'MBTI','INFP'),(98,'MBTI','ISFJ'),(99,'MBTI','ISFP'),(100,'MBTI','ENTJ'),(101,'MBTI','ENFJ'),(102,'MBTI','ESTJ'),(103,'MBTI','ESTP'),(104,'MBTI','ENTP'),(105,'MBTI','ENFP'),(106,'MBTI','ESFJ'),(107,'MBTI','ESFP'),(108,'기타','종교'),(109,'기타','고민'),(110,'기타','인간관계'),(111,'기타','외국어');
/*!40000 ALTER TABLE `Category` ENABLE KEYS */;
UNLOCK TABLES;

--
-- Table structure for table `EmailConfirmationToken`
--

DROP TABLE IF EXISTS `EmailConfirmationToken`;
/*!40101 SET @saved_cs_client     = @@character_set_client */;
/*!50503 SET character_set_client = utf8mb4 */;
CREATE TABLE `EmailConfirmationToken` (
  `emailTokenId` varchar(36) NOT NULL,
  `createTime` datetime(6) DEFAULT NULL,
  `expirationDate` datetime(6) DEFAULT NULL,
  `exprired` bit(1) DEFAULT NULL,
  `userEmail` varchar(255) DEFAULT NULL,
  PRIMARY KEY (`emailTokenId`)
) ENGINE=InnoDB DEFAULT CHARSET=utf8mb3;
/*!40101 SET character_set_client = @saved_cs_client */;

--
-- Dumping data for table `EmailConfirmationToken`
--

LOCK TABLES `EmailConfirmationToken` WRITE;
/*!40000 ALTER TABLE `EmailConfirmationToken` DISABLE KEYS */;
INSERT INTO `EmailConfirmationToken` VALUES ('086c9859-144e-4362-b11b-e9fcbed318dd','2022-02-17 16:19:52.153000','2022-02-17 16:24:52.153000',_binary '\0','top1h@naver.com'),('09bd1b25-3082-44ec-90e2-91963c2e84ef','2022-02-18 02:08:39.950000','2022-02-18 02:13:39.950000',_binary '\0','mistake9518@gmail.com'),('148ce6bf-bf91-4cb4-b351-f7550033227c','2022-02-18 01:27:26.103000','2022-02-18 01:32:26.103000',_binary '\0','mistake04@naver.com'),('160ba854-14ed-41f0-80be-074e7d157ed0','2022-02-18 01:10:10.957000','2022-02-18 01:15:10.957000',_binary '\0','mistake9518@gmail.com'),('16ec5ad3-d157-4161-9787-7365b16634b6','2022-02-17 18:16:55.461000','2022-02-17 18:21:55.461000',_binary '\0','rain7633@naver.com'),('20327212-c856-4e65-bdf8-f8586cf14515','2022-02-17 18:15:12.154000','2022-02-17 18:20:12.154000',_binary '\0','tia974@naver.com'),('2173bd72-71ca-4fba-958a-7403226a582d','2022-02-18 10:11:48.150000','2022-02-18 10:16:48.150000',_binary '\0','yunhy96@naver.com'),('246f153b-03ee-4ea4-9a7d-7a4aa0068104','2022-02-17 11:02:28.265000','2022-02-17 11:07:28.265000',_binary '\0','aass0903@naver.com'),('28d5e5c1-c600-4222-b42d-4385050863aa','2022-02-17 11:20:10.149000','2022-02-17 11:25:10.149000',_binary '\0','f@f.com'),('316e4a77-9254-4532-ab38-a84fee15520a','2022-02-18 01:28:09.647000','2022-02-18 01:33:09.647000',_binary '\0','mistake9518@gmail.com'),('3553175b-d73d-4764-b670-331b15509c78','2022-02-17 11:19:02.909000','2022-02-17 11:24:02.909000',_binary '\0','e@e.com'),('3b7ca82c-20cc-445d-a8bf-2399d4cc1f8c','2022-02-17 23:28:33.447000','2022-02-17 23:33:33.447000',_binary '\0','ziu974@gmail.com'),('3c4ea828-b7e7-4292-a203-44bde92ddc4a','2022-02-16 14:44:19.517000','2022-02-16 14:49:19.517000',_binary '\0','aao95@naver.com'),('4a190c59-417e-4eec-80a9-4fc6002acf4a','2022-02-17 11:22:47.850000','2022-02-17 11:27:47.850000',_binary '\0','h@h.com'),('4b1f9eea-70ae-4e0d-b85a-56c65ff7e4ce','2022-02-17 16:19:34.420000','2022-02-17 16:24:34.420000',_binary '\0','asdfsdaf'),('4dac4a1b-0b64-4557-9702-6375df623c35','2022-02-17 11:14:21.836000','2022-02-17 11:19:21.836000',_binary '\0','a@a.com'),('59659b75-a8de-4485-bdb6-68366c05681e','2022-02-17 15:02:40.816000','2022-02-17 15:07:40.816000',_binary '\0','mistake03@naver.com'),('7af5c823-9d66-4b6a-a356-2ee1a7d29d4e','2022-02-17 11:25:44.095000','2022-02-17 11:30:44.095000',_binary '\0','j@j.com'),('84cfa6f5-3598-4994-a682-99ed73a04858','2022-02-17 11:24:40.086000','2022-02-17 11:29:40.086000',_binary '\0','i@i.com'),('8b1c8108-2359-478d-865e-4b73cd1568dc','2022-02-16 14:16:16.228000','2022-02-16 14:21:16.228000',_binary '\0','rainy@rainy.com'),('8b6892d9-91a4-410a-8c07-a62eaf24f09a','2022-02-17 16:19:22.057000','2022-02-17 16:24:22.057000',_binary '\0','okqwaszx12@naver.com'),('9d9c1ccf-fcc2-4de6-b8f4-61277a1255c2','2022-02-17 11:04:21.763000','2022-02-17 11:09:21.763000',_binary '\0','schw240@gmail.com'),('a701b97e-48a7-4e78-a4a5-0afe8cbde9a5','2022-02-17 11:09:01.869000','2022-02-17 11:14:01.869000',_binary '\0','as@asasd.com'),('a94598e8-0065-4c0a-b4e9-d18ae40c68c2','2022-02-17 11:21:36.944000','2022-02-17 11:26:36.944000',_binary '\0','g@g.com'),('a9568d98-9a3b-4e45-b4d7-02dc992108a3','2022-02-17 18:13:28.823000','2022-02-17 18:18:28.823000',_binary '\0','rain7633@naver.com'),('bb3a4ef7-be0b-4bac-b442-afc55a673102','2022-02-17 10:53:56.079000','2022-02-17 10:58:56.079000',_binary '\0','schw240@naver.com'),('c2a07610-fd9d-42ef-b310-8e727583a001','2022-02-17 21:32:06.907000','2022-02-17 21:37:06.907000',_binary '\0','skaxodmssksk@naver.com'),('c3295d80-0167-426b-99b8-93a8ea55e7d7','2022-02-17 17:49:17.654000','2022-02-17 17:54:17.654000',_binary '\0','gganzii1215@gmail.com'),('c7057581-e341-49be-b0e6-37d580779418','2022-02-17 16:18:47.684000','2022-02-17 16:23:47.684000',_binary '\0','okqwaszx122naver.cmo'),('c77d7e03-261e-417a-9f30-1e195b062a95','2022-02-17 13:32:39.477000','2022-02-17 13:37:39.477000',_binary '\0','test@test.com'),('c885c7d5-0366-430b-835d-13cc0e04b086','2022-02-17 17:54:30.073000','2022-02-17 17:59:30.073000',_binary '\0','ziu974@gmail.com'),('ca364c0e-5bf0-481a-a5a4-5d8931ab9ed5','2022-02-18 01:24:42.439000','2022-02-18 01:29:42.439000',_binary '\0','ziu974@mail.com'),('cb0360ac-e1f4-44a5-8701-d6cd63ccc173','2022-02-16 23:56:00.204000','2022-02-17 00:01:00.204000',_binary '\0','yhy0818@gmail.com'),('d083e6d0-fc2d-436a-9f87-d88348787da3','2022-02-18 02:06:17.798000','2022-02-18 02:11:17.798000',_binary '\0','mistake9518@gmail.com'),('db532d3a-4a16-44e0-820b-2fea5b043d62','2022-02-17 11:05:19.213000','2022-02-17 11:10:19.213000',_binary '\0','aass0903@gmail.com'),('dfa1558f-4286-482f-8be7-89799bcfee7e','2022-02-15 17:49:33.262000','2022-02-15 17:54:33.262000',_binary '\0','aass0900@naver.com'),('e432d65b-48bf-4cb4-a974-2910c61f5aed','2022-02-17 11:17:12.481000','2022-02-17 11:22:12.481000',_binary '\0','aao95@daum.net'),('e4727c86-8609-4422-bb1d-acec7822d64e','2022-02-17 11:12:38.343000','2022-02-17 11:17:38.343000',_binary '\0','ser@sdf.com'),('ef3cdca9-5dd4-4134-a05a-3967b88cea61','2022-02-18 10:11:43.261000','2022-02-18 10:16:43.261000',_binary '\0','jyh3797@naver.com'),('f269ee3f-2fe4-4852-a37f-36688b797e0b','2022-02-17 11:08:45.226000','2022-02-17 11:13:45.226000',_binary '\0','ssafy1@naver.com'),('f47cba53-8fad-4381-856e-2555dd2faf1d','2022-02-18 01:29:38.281000','2022-02-18 01:34:38.281000',_binary '\0','mistake9518@gmail.com'),('f6831166-62b7-4126-9c3e-7e657c69e428','2022-02-17 15:09:15.734000','2022-02-17 15:14:15.734000',_binary '\0','sklove1994@gmail.com'),('f8be4f22-a126-4a27-bb0e-60caf2543186','2022-02-18 02:04:12.255000','2022-02-18 02:09:12.255000',_binary '\0','mistake9518@gmail.com'),('f9f2fcaa-b6d5-44ad-b62d-3dd8008de75f','2022-02-17 11:16:29.010000','2022-02-17 11:21:29.010000',_binary '\0','b@b.com');
/*!40000 ALTER TABLE `EmailConfirmationToken` ENABLE KEYS */;
UNLOCK TABLES;

--
-- Table structure for table `Following`
--

DROP TABLE IF EXISTS `Following`;
/*!40101 SET @saved_cs_client     = @@character_set_client */;
/*!50503 SET character_set_client = utf8mb4 */;
CREATE TABLE `Following` (
  `followId` bigint NOT NULL AUTO_INCREMENT,
  `followee` varchar(36) DEFAULT NULL,
  `follower` varchar(36) DEFAULT NULL,
  PRIMARY KEY (`followId`),
  KEY `FKme68l3ig4rxxkpf4r9vpr9rac` (`follower`),
  KEY `FKpnhmli26el7i5hh511dwrm3k7` (`followee`),
  CONSTRAINT `FKme68l3ig4rxxkpf4r9vpr9rac` FOREIGN KEY (`follower`) REFERENCES `User` (`uid`) ON DELETE CASCADE ON UPDATE CASCADE,
  CONSTRAINT `FKpnhmli26el7i5hh511dwrm3k7` FOREIGN KEY (`followee`) REFERENCES `User` (`uid`) ON DELETE CASCADE ON UPDATE CASCADE
) ENGINE=InnoDB AUTO_INCREMENT=72 DEFAULT CHARSET=utf8mb3;
/*!40101 SET character_set_client = @saved_cs_client */;

--
-- Dumping data for table `Following`
--

LOCK TABLES `Following` WRITE;
/*!40000 ALTER TABLE `Following` DISABLE KEYS */;
INSERT INTO `Following` VALUES (1,'d45ed83d-4648-4c51-b37d-9d7a9de4e556','b59e89ac-f5dc-4ec2-aac7-ad6372ed0f74'),(2,'d45ed83d-4648-4c51-b37d-9d7a9de4e556','28cd48e6-1335-4788-92a7-0bf5bbdc3cff'),(3,'d45ed83d-4648-4c51-b37d-9d7a9de4e556','38e54352-c883-4785-9f5a-ee0305ef11ba'),(4,'d45ed83d-4648-4c51-b37d-9d7a9de4e556','3baec571-879b-4268-8ecb-0a758117ff37'),(5,'d45ed83d-4648-4c51-b37d-9d7a9de4e556','427ce9d0-d9fe-4456-a09a-03fe3ea11b8b'),(6,'d45ed83d-4648-4c51-b37d-9d7a9de4e556','8cd896c5-759b-4bd0-9b9f-6533f8ef551f'),(7,'d45ed83d-4648-4c51-b37d-9d7a9de4e556','aa7b91e5-ee73-4749-afb4-007ca51f08c0'),(8,'d45ed83d-4648-4c51-b37d-9d7a9de4e556','9b723252-c729-484e-a56d-eb25054b862a'),(9,'d45ed83d-4648-4c51-b37d-9d7a9de4e556','da8745ea-a84c-4aa6-8bde-5ebd65ef8440'),(10,'d45ed83d-4648-4c51-b37d-9d7a9de4e556','8a2b37c4-2708-4919-940f-a0cbcde7277d'),(11,'b59e89ac-f5dc-4ec2-aac7-ad6372ed0f74','1c2b143e-6544-456b-a8db-f4a225542c13'),(12,'b59e89ac-f5dc-4ec2-aac7-ad6372ed0f74','3baec571-879b-4268-8ecb-0a758117ff37'),(13,'b59e89ac-f5dc-4ec2-aac7-ad6372ed0f74','8cd896c5-759b-4bd0-9b9f-6533f8ef551f'),(14,'b59e89ac-f5dc-4ec2-aac7-ad6372ed0f74','8dee4e31-83ee-4702-baf4-ab60adff4890'),(15,'b59e89ac-f5dc-4ec2-aac7-ad6372ed0f74','aa7b91e5-ee73-4749-afb4-007ca51f08c0'),(16,'b59e89ac-f5dc-4ec2-aac7-ad6372ed0f74','9b723252-c729-484e-a56d-eb25054b862a'),(18,'1c2b143e-6544-456b-a8db-f4a225542c13','b59e89ac-f5dc-4ec2-aac7-ad6372ed0f74'),(19,'1c2b143e-6544-456b-a8db-f4a225542c13','d45ed83d-4648-4c51-b37d-9d7a9de4e556'),(20,'1c2b143e-6544-456b-a8db-f4a225542c13','28cd48e6-1335-4788-92a7-0bf5bbdc3cff'),(21,'1c2b143e-6544-456b-a8db-f4a225542c13','3baec571-879b-4268-8ecb-0a758117ff37'),(22,'1c2b143e-6544-456b-a8db-f4a225542c13','1155085f-575c-4f4c-b39b-e9d1786dbfe7'),(23,'1c2b143e-6544-456b-a8db-f4a225542c13','38e54352-c883-4785-9f5a-ee0305ef11ba'),(24,'1c2b143e-6544-456b-a8db-f4a225542c13','5a2a0ab0-6a1f-41db-beae-515880dd0b6e'),(25,'1c2b143e-6544-456b-a8db-f4a225542c13','644a5cc0-0a3b-42f9-b7ba-29b51d9fa702'),(26,'1c2b143e-6544-456b-a8db-f4a225542c13','8cd896c5-759b-4bd0-9b9f-6533f8ef551f'),(27,'1c2b143e-6544-456b-a8db-f4a225542c13','aa7b91e5-ee73-4749-afb4-007ca51f08c0'),(28,'1c2b143e-6544-456b-a8db-f4a225542c13','9b723252-c729-484e-a56d-eb25054b862a'),(29,'1c2b143e-6544-456b-a8db-f4a225542c13','8a2b37c4-2708-4919-940f-a0cbcde7277d'),(30,'1c2b143e-6544-456b-a8db-f4a225542c13','b24f1a37-6932-4ed4-af2c-ff8350bc8e71'),(31,'1c2b143e-6544-456b-a8db-f4a225542c13','dc7578d1-5046-4ba9-a1ec-c5ae6dbafd59'),(33,'28cd48e6-1335-4788-92a7-0bf5bbdc3cff','aa7b91e5-ee73-4749-afb4-007ca51f08c0'),(34,'28cd48e6-1335-4788-92a7-0bf5bbdc3cff','8cd896c5-759b-4bd0-9b9f-6533f8ef551f'),(36,'28cd48e6-1335-4788-92a7-0bf5bbdc3cff','644a5cc0-0a3b-42f9-b7ba-29b51d9fa702'),(38,'28cd48e6-1335-4788-92a7-0bf5bbdc3cff','3baec571-879b-4268-8ecb-0a758117ff37'),(40,'28cd48e6-1335-4788-92a7-0bf5bbdc3cff','1155085f-575c-4f4c-b39b-e9d1786dbfe7'),(43,'f06f80bc-b1eb-4635-a9f0-ee6aca09165d','dc7578d1-5046-4ba9-a1ec-c5ae6dbafd59'),(44,'3f4bbb26-d524-4907-a759-776a2ca6c59f','f06f80bc-b1eb-4635-a9f0-ee6aca09165d'),(45,'f06f80bc-b1eb-4635-a9f0-ee6aca09165d','3f4bbb26-d524-4907-a759-776a2ca6c59f'),(46,'b59e89ac-f5dc-4ec2-aac7-ad6372ed0f74','f06f80bc-b1eb-4635-a9f0-ee6aca09165d'),(47,'3baec571-879b-4268-8ecb-0a758117ff37','1c2b143e-6544-456b-a8db-f4a225542c13'),(48,'3baec571-879b-4268-8ecb-0a758117ff37','d45ed83d-4648-4c51-b37d-9d7a9de4e556'),(49,'3baec571-879b-4268-8ecb-0a758117ff37','28cd48e6-1335-4788-92a7-0bf5bbdc3cff'),(50,'3baec571-879b-4268-8ecb-0a758117ff37','b59e89ac-f5dc-4ec2-aac7-ad6372ed0f74'),(51,'3baec571-879b-4268-8ecb-0a758117ff37','8cd896c5-759b-4bd0-9b9f-6533f8ef551f'),(52,'b59e89ac-f5dc-4ec2-aac7-ad6372ed0f74','38e54352-c883-4785-9f5a-ee0305ef11ba'),(53,'b59e89ac-f5dc-4ec2-aac7-ad6372ed0f74','1155085f-575c-4f4c-b39b-e9d1786dbfe7'),(54,'b59e89ac-f5dc-4ec2-aac7-ad6372ed0f74','427ce9d0-d9fe-4456-a09a-03fe3ea11b8b'),(55,'f06f80bc-b1eb-4635-a9f0-ee6aca09165d','b59e89ac-f5dc-4ec2-aac7-ad6372ed0f74'),(57,'d45ed83d-4648-4c51-b37d-9d7a9de4e556','1c2b143e-6544-456b-a8db-f4a225542c13'),(58,'d45ed83d-4648-4c51-b37d-9d7a9de4e556','1155085f-575c-4f4c-b39b-e9d1786dbfe7'),(59,'28cd48e6-1335-4788-92a7-0bf5bbdc3cff','1c2b143e-6544-456b-a8db-f4a225542c13'),(60,'f42a8708-945b-4537-9ddd-aa1128d64c93','f06f80bc-b1eb-4635-a9f0-ee6aca09165d'),(62,'b59e89ac-f5dc-4ec2-aac7-ad6372ed0f74','d45ed83d-4648-4c51-b37d-9d7a9de4e556'),(66,'7c392bde-9b37-458b-9380-9ca83a890c0a','3f4bbb26-d524-4907-a759-776a2ca6c59f'),(67,'7c392bde-9b37-458b-9380-9ca83a890c0a','f06f80bc-b1eb-4635-a9f0-ee6aca09165d'),(69,'f06f80bc-b1eb-4635-a9f0-ee6aca09165d','7c392bde-9b37-458b-9380-9ca83a890c0a'),(71,'b59e89ac-f5dc-4ec2-aac7-ad6372ed0f74','28cd48e6-1335-4788-92a7-0bf5bbdc3cff');
/*!40000 ALTER TABLE `Following` ENABLE KEYS */;
UNLOCK TABLES;

--
-- Table structure for table `Notification`
--

DROP TABLE IF EXISTS `Notification`;
/*!40101 SET @saved_cs_client     = @@character_set_client */;
/*!50503 SET character_set_client = utf8mb4 */;
CREATE TABLE `Notification` (
  `notificationId` bigint NOT NULL AUTO_INCREMENT,
  `notificationContents` varchar(255) DEFAULT NULL,
  `notificationCreateTime` datetime(6) DEFAULT NULL,
  `notificationRead` bit(1) DEFAULT NULL,
  `notificationType` int DEFAULT NULL,
  `receiveUserId` varchar(36) DEFAULT NULL,
  `sendUserId` varchar(36) DEFAULT NULL,
  `voteId` bigint DEFAULT NULL,
  PRIMARY KEY (`notificationId`),
  KEY `FKa78wgw8051eu4xvbx76ssdepe` (`receiveUserId`),
  KEY `FKeibh542yus01ryrle6ipt8l5m` (`sendUserId`),
  KEY `FKr7mcqgrm7ytl1twt6jwosmeh5` (`voteId`),
  CONSTRAINT `FKa78wgw8051eu4xvbx76ssdepe` FOREIGN KEY (`receiveUserId`) REFERENCES `User` (`uid`) ON DELETE CASCADE ON UPDATE CASCADE,
  CONSTRAINT `FKeibh542yus01ryrle6ipt8l5m` FOREIGN KEY (`sendUserId`) REFERENCES `User` (`uid`) ON DELETE CASCADE ON UPDATE CASCADE,
  CONSTRAINT `FKr7mcqgrm7ytl1twt6jwosmeh5` FOREIGN KEY (`voteId`) REFERENCES `Vote` (`voteId`) ON DELETE CASCADE ON UPDATE CASCADE
) ENGINE=InnoDB AUTO_INCREMENT=140 DEFAULT CHARSET=utf8mb3;
/*!40101 SET character_set_client = @saved_cs_client */;

--
-- Dumping data for table `Notification`
--

LOCK TABLES `Notification` WRITE;
/*!40000 ALTER TABLE `Notification` DISABLE KEYS */;
INSERT INTO `Notification` VALUES (3,'\\\'해태123\\\'가 어떤 게임이 1위 일까요?에 좋아요를 누르셨습니다.','2022-02-17 11:14:44.122000',_binary '\0',2,'b59e89ac-f5dc-4ec2-aac7-ad6372ed0f74','3baec571-879b-4268-8ecb-0a758117ff37',3),(4,'\'diamond\'가 어떤 게임이 1위 일까요?에 좋아요를 누르셨습니다.','2022-02-17 11:20:02.421000',_binary '\0',2,'b59e89ac-f5dc-4ec2-aac7-ad6372ed0f74','d45ed83d-4648-4c51-b37d-9d7a9de4e556',3),(5,'\'diamond\'가 팔로우 요청 하였습니다.','2022-02-17 11:20:40.001000',_binary '\0',4,'b59e89ac-f5dc-4ec2-aac7-ad6372ed0f74','d45ed83d-4648-4c51-b37d-9d7a9de4e556',NULL),(6,'\'diamond\'가 팔로우 요청 하였습니다.','2022-02-17 11:20:53.849000',_binary '',4,'28cd48e6-1335-4788-92a7-0bf5bbdc3cff','d45ed83d-4648-4c51-b37d-9d7a9de4e556',NULL),(7,'\'diamond\'가 팔로우 요청 하였습니다.','2022-02-17 11:21:00.722000',_binary '\0',4,'38e54352-c883-4785-9f5a-ee0305ef11ba','d45ed83d-4648-4c51-b37d-9d7a9de4e556',NULL),(8,'\'diamond\'가 팔로우 요청 하였습니다.','2022-02-17 11:21:08.318000',_binary '',4,'3baec571-879b-4268-8ecb-0a758117ff37','d45ed83d-4648-4c51-b37d-9d7a9de4e556',NULL),(9,'\'diamond\'가 팔로우 요청 하였습니다.','2022-02-17 11:21:17.585000',_binary '\0',4,'427ce9d0-d9fe-4456-a09a-03fe3ea11b8b','d45ed83d-4648-4c51-b37d-9d7a9de4e556',NULL),(10,'\'diamond\'가 팔로우 요청 하였습니다.','2022-02-17 11:21:25.824000',_binary '\0',4,'8cd896c5-759b-4bd0-9b9f-6533f8ef551f','d45ed83d-4648-4c51-b37d-9d7a9de4e556',NULL),(11,'\'diamond\'가 팔로우 요청 하였습니다.','2022-02-17 11:21:32.858000',_binary '\0',4,'aa7b91e5-ee73-4749-afb4-007ca51f08c0','d45ed83d-4648-4c51-b37d-9d7a9de4e556',NULL),(12,'\'diamond\'가 팔로우 요청 하였습니다.','2022-02-17 11:21:40.616000',_binary '\0',4,'9b723252-c729-484e-a56d-eb25054b862a','d45ed83d-4648-4c51-b37d-9d7a9de4e556',NULL),(13,'\'diamond\'가 팔로우 요청 하였습니다.','2022-02-17 11:21:55.714000',_binary '\0',4,'da8745ea-a84c-4aa6-8bde-5ebd65ef8440','d45ed83d-4648-4c51-b37d-9d7a9de4e556',NULL),(14,'\'diamond\'가 팔로우 요청 하였습니다.','2022-02-17 11:22:07.769000',_binary '\0',4,'8a2b37c4-2708-4919-940f-a0cbcde7277d','d45ed83d-4648-4c51-b37d-9d7a9de4e556',NULL),(15,'\'amondnickname\'가 팔로우 요청 하였습니다.','2022-02-17 11:22:27.653000',_binary '\0',4,'1c2b143e-6544-456b-a8db-f4a225542c13','b59e89ac-f5dc-4ec2-aac7-ad6372ed0f74',NULL),(16,'\'amondnickname\'가 어떤 게임이 1위 일까요?에 좋아요를 누르셨습니다.','2022-02-17 11:22:31.583000',_binary '\0',2,'b59e89ac-f5dc-4ec2-aac7-ad6372ed0f74','b59e89ac-f5dc-4ec2-aac7-ad6372ed0f74',3),(17,'\'amondnickname\'가 팔로우 요청 하였습니다.','2022-02-17 11:22:40.561000',_binary '',4,'3baec571-879b-4268-8ecb-0a758117ff37','b59e89ac-f5dc-4ec2-aac7-ad6372ed0f74',NULL),(18,'\'amondnickname\'가 팔로우 요청 하였습니다.','2022-02-17 11:22:52.459000',_binary '\0',4,'8cd896c5-759b-4bd0-9b9f-6533f8ef551f','b59e89ac-f5dc-4ec2-aac7-ad6372ed0f74',NULL),(19,'\'amondnickname\'가 팔로우 요청 하였습니다.','2022-02-17 11:22:59.475000',_binary '\0',4,'8dee4e31-83ee-4702-baf4-ab60adff4890','b59e89ac-f5dc-4ec2-aac7-ad6372ed0f74',NULL),(20,'\'amondnickname\'가 팔로우 요청 하였습니다.','2022-02-17 11:23:22.776000',_binary '\0',4,'aa7b91e5-ee73-4749-afb4-007ca51f08c0','b59e89ac-f5dc-4ec2-aac7-ad6372ed0f74',NULL),(21,'\'amondnickname\'가 팔로우 요청 하였습니다.','2022-02-17 11:23:29.283000',_binary '\0',4,'9b723252-c729-484e-a56d-eb25054b862a','b59e89ac-f5dc-4ec2-aac7-ad6372ed0f74',NULL),(22,'\'amondnickname\'가 팔로우 요청 하였습니다.','2022-02-17 11:24:13.276000',_binary '',4,'d45ed83d-4648-4c51-b37d-9d7a9de4e556','b59e89ac-f5dc-4ec2-aac7-ad6372ed0f74',NULL),(23,'\'폴라\'가 팔로우 요청 하였습니다.','2022-02-17 11:25:17.785000',_binary '\0',4,'b59e89ac-f5dc-4ec2-aac7-ad6372ed0f74','1c2b143e-6544-456b-a8db-f4a225542c13',NULL),(24,'\'폴라\'가 팔로우 요청 하였습니다.','2022-02-17 11:25:25.020000',_binary '\0',4,'d45ed83d-4648-4c51-b37d-9d7a9de4e556','1c2b143e-6544-456b-a8db-f4a225542c13',NULL),(25,'\'폴라\'가 팔로우 요청 하였습니다.','2022-02-17 11:25:28.984000',_binary '',4,'28cd48e6-1335-4788-92a7-0bf5bbdc3cff','1c2b143e-6544-456b-a8db-f4a225542c13',NULL),(26,'\'폴라\'가 팔로우 요청 하였습니다.','2022-02-17 11:25:53.085000',_binary '',4,'3baec571-879b-4268-8ecb-0a758117ff37','1c2b143e-6544-456b-a8db-f4a225542c13',NULL),(27,'\'폴라\'가 어떤 게임이 1위 일까요?에 좋아요를 누르셨습니다.','2022-02-17 11:26:27.323000',_binary '\0',2,'b59e89ac-f5dc-4ec2-aac7-ad6372ed0f74','1c2b143e-6544-456b-a8db-f4a225542c13',3),(28,'\'폴라\'가 팔로우 요청 하였습니다.','2022-02-17 11:27:20.925000',_binary '\0',4,'1155085f-575c-4f4c-b39b-e9d1786dbfe7','1c2b143e-6544-456b-a8db-f4a225542c13',NULL),(29,'\'폴라\'가 팔로우 요청 하였습니다.','2022-02-17 11:27:44.396000',_binary '\0',4,'38e54352-c883-4785-9f5a-ee0305ef11ba','1c2b143e-6544-456b-a8db-f4a225542c13',NULL),(30,'\'폴라\'가 팔로우 요청 하였습니다.','2022-02-17 11:27:55.651000',_binary '\0',4,'5a2a0ab0-6a1f-41db-beae-515880dd0b6e','1c2b143e-6544-456b-a8db-f4a225542c13',NULL),(31,'\'폴라\'가 팔로우 요청 하였습니다.','2022-02-17 11:28:01.812000',_binary '\0',4,'644a5cc0-0a3b-42f9-b7ba-29b51d9fa702','1c2b143e-6544-456b-a8db-f4a225542c13',NULL),(32,'\'폴라\'가 팔로우 요청 하였습니다.','2022-02-17 11:28:11.989000',_binary '\0',4,'8cd896c5-759b-4bd0-9b9f-6533f8ef551f','1c2b143e-6544-456b-a8db-f4a225542c13',NULL),(33,'\'폴라\'가 팔로우 요청 하였습니다.','2022-02-17 11:28:43.064000',_binary '\0',4,'aa7b91e5-ee73-4749-afb4-007ca51f08c0','1c2b143e-6544-456b-a8db-f4a225542c13',NULL),(34,'\'폴라\'가 팔로우 요청 하였습니다.','2022-02-17 11:28:59.683000',_binary '\0',4,'9b723252-c729-484e-a56d-eb25054b862a','1c2b143e-6544-456b-a8db-f4a225542c13',NULL),(35,'\'폴라\'가 팔로우 요청 하였습니다.','2022-02-17 11:29:06.454000',_binary '\0',4,'8a2b37c4-2708-4919-940f-a0cbcde7277d','1c2b143e-6544-456b-a8db-f4a225542c13',NULL),(36,'\'폴라\'가 아이돌 좋아하시나요?에 좋아요를 누르셨습니다.','2022-02-17 11:34:42.283000',_binary '\0',2,'1c2b143e-6544-456b-a8db-f4a225542c13','1c2b143e-6544-456b-a8db-f4a225542c13',4),(37,'\'폴라\'가 팔로우 요청 하였습니다.','2022-02-17 11:35:12.656000',_binary '\0',4,'b24f1a37-6932-4ed4-af2c-ff8350bc8e71','1c2b143e-6544-456b-a8db-f4a225542c13',NULL),(38,'\'폴라\'가 팔로우 요청 하였습니다.','2022-02-17 11:35:31.271000',_binary '\0',4,'dc7578d1-5046-4ba9-a1ec-c5ae6dbafd59','1c2b143e-6544-456b-a8db-f4a225542c13',NULL),(39,'\'제갈싸피\'가 팔로우 요청 하였습니다.','2022-02-17 11:36:44.354000',_binary '\0',4,'b59e89ac-f5dc-4ec2-aac7-ad6372ed0f74','28cd48e6-1335-4788-92a7-0bf5bbdc3cff',NULL),(40,'\'제갈싸피\'가 팔로우 요청 하였습니다.','2022-02-17 11:36:53.115000',_binary '\0',4,'aa7b91e5-ee73-4749-afb4-007ca51f08c0','28cd48e6-1335-4788-92a7-0bf5bbdc3cff',NULL),(41,'\'제갈싸피\'가 팔로우 요청 하였습니다.','2022-02-17 11:36:59.531000',_binary '\0',4,'8cd896c5-759b-4bd0-9b9f-6533f8ef551f','28cd48e6-1335-4788-92a7-0bf5bbdc3cff',NULL),(42,'\'제갈싸피\'가 팔로우 요청 하였습니다.','2022-02-17 11:37:12.936000',_binary '\0',4,'d45ed83d-4648-4c51-b37d-9d7a9de4e556','28cd48e6-1335-4788-92a7-0bf5bbdc3cff',NULL),(43,'\'제갈싸피\'가 팔로우 요청 하였습니다.','2022-02-17 11:37:19.478000',_binary '\0',4,'644a5cc0-0a3b-42f9-b7ba-29b51d9fa702','28cd48e6-1335-4788-92a7-0bf5bbdc3cff',NULL),(44,'\'제갈싸피\'가 팔로우 요청 하였습니다.','2022-02-17 11:37:26.254000',_binary '\0',4,'dc7578d1-5046-4ba9-a1ec-c5ae6dbafd59','28cd48e6-1335-4788-92a7-0bf5bbdc3cff',NULL),(45,'\'제갈싸피\'가 팔로우 요청 하였습니다.','2022-02-17 11:37:33.478000',_binary '',4,'3baec571-879b-4268-8ecb-0a758117ff37','28cd48e6-1335-4788-92a7-0bf5bbdc3cff',NULL),(46,'\'제갈싸피\'가 팔로우 요청 하였습니다.','2022-02-17 11:37:40.127000',_binary '\0',4,'38e54352-c883-4785-9f5a-ee0305ef11ba','28cd48e6-1335-4788-92a7-0bf5bbdc3cff',NULL),(47,'\'제갈싸피\'가 팔로우 요청 하였습니다.','2022-02-17 11:37:47.327000',_binary '\0',4,'1155085f-575c-4f4c-b39b-e9d1786dbfe7','28cd48e6-1335-4788-92a7-0bf5bbdc3cff',NULL),(48,'\'제갈싸피\'가 팔로우 요청 하였습니다.','2022-02-17 11:37:59.048000',_binary '\0',4,'1c2b143e-6544-456b-a8db-f4a225542c13','28cd48e6-1335-4788-92a7-0bf5bbdc3cff',NULL),(49,'\'제갈싸피\'가 아이돌 좋아하시나요?에 좋아요를 누르셨습니다.','2022-02-17 11:38:03.280000',_binary '\0',2,'1c2b143e-6544-456b-a8db-f4a225542c13','28cd48e6-1335-4788-92a7-0bf5bbdc3cff',4),(50,'\'제갈싸피\'가 팔로우 요청 하였습니다.','2022-02-17 11:38:42.498000',_binary '\0',4,'5a2a0ab0-6a1f-41db-beae-515880dd0b6e','28cd48e6-1335-4788-92a7-0bf5bbdc3cff',NULL),(51,'\\\'정싸피\\\'가 아이돌 좋아하시나요?에 좋아요를 누르셨습니다.','2022-02-17 11:39:30.048000',_binary '\0',2,'1c2b143e-6544-456b-a8db-f4a225542c13','8a2b37c4-2708-4919-940f-a0cbcde7277d',4),(52,'\\\'정싸피\\\'가 어떤 게임이 1위 일까요?에 좋아요를 누르셨습니다.','2022-02-17 11:39:32.897000',_binary '\0',2,'b59e89ac-f5dc-4ec2-aac7-ad6372ed0f74','8a2b37c4-2708-4919-940f-a0cbcde7277d',3),(53,'\\\'정싸피\\\'가 중국집 메뉴에 좋아요를 누르셨습니다.','2022-02-17 11:40:55.337000',_binary '\0',2,'8a2b37c4-2708-4919-940f-a0cbcde7277d','8a2b37c4-2708-4919-940f-a0cbcde7277d',5),(54,'\'제갈싸피\'가 점심뭐먹을 까요에 좋아요를 누르셨습니다.','2022-02-17 11:44:50.757000',_binary '\0',2,'28cd48e6-1335-4788-92a7-0bf5bbdc3cff','28cd48e6-1335-4788-92a7-0bf5bbdc3cff',7),(55,'\\\'잘못구운감자\\\'가 점심뭐먹을 까요에 좋아요를 누르셨습니다.','2022-02-17 15:04:14.669000',_binary '\0',2,'28cd48e6-1335-4788-92a7-0bf5bbdc3cff','f06f80bc-b1eb-4635-a9f0-ee6aca09165d',7),(56,'\\\'잘못구운감자\\\'가 아이돌 좋아하시나요?에 좋아요를 누르셨습니다.','2022-02-17 15:04:15.408000',_binary '\0',2,'1c2b143e-6544-456b-a8db-f4a225542c13','f06f80bc-b1eb-4635-a9f0-ee6aca09165d',4),(57,'\\\'잘못구운감자\\\'가 어떤 게임이 1위 일까요?에 좋아요를 누르셨습니다.','2022-02-17 15:04:16.434000',_binary '\0',2,'b59e89ac-f5dc-4ec2-aac7-ad6372ed0f74','f06f80bc-b1eb-4635-a9f0-ee6aca09165d',3),(58,'\\\'잘못구운감자\\\'가 중국집 메뉴에 좋아요를 누르셨습니다.','2022-02-17 15:04:17.333000',_binary '\0',2,'8a2b37c4-2708-4919-940f-a0cbcde7277d','f06f80bc-b1eb-4635-a9f0-ee6aca09165d',5),(59,'\\\'잘못구운감자\\\'가 팔로우 요청 하였습니다.','2022-02-17 15:09:12.210000',_binary '\0',4,'dc7578d1-5046-4ba9-a1ec-c5ae6dbafd59','f06f80bc-b1eb-4635-a9f0-ee6aca09165d',NULL),(60,'\\\'Nomoo\\\'가 팔로우 요청 하였습니다.','2022-02-17 15:11:15.574000',_binary '',4,'f06f80bc-b1eb-4635-a9f0-ee6aca09165d','3f4bbb26-d524-4907-a759-776a2ca6c59f',NULL),(61,'\\\'잘못구운감자\\\'가 팔로우 요청 하였습니다.','2022-02-17 15:12:13.668000',_binary '\0',4,'3f4bbb26-d524-4907-a759-776a2ca6c59f','f06f80bc-b1eb-4635-a9f0-ee6aca09165d',NULL),(62,'\'amondnickname\'가 팔로우 요청 하였습니다.','2022-02-17 15:12:51.656000',_binary '',4,'f06f80bc-b1eb-4635-a9f0-ee6aca09165d','b59e89ac-f5dc-4ec2-aac7-ad6372ed0f74',NULL),(63,'\\\'해태123\\\'가 팔로우 요청 하였습니다.','2022-02-17 15:13:01.479000',_binary '\0',4,'1c2b143e-6544-456b-a8db-f4a225542c13','3baec571-879b-4268-8ecb-0a758117ff37',NULL),(64,'\\\'해태123\\\'가 팔로우 요청 하였습니다.','2022-02-17 15:13:06.572000',_binary '',4,'d45ed83d-4648-4c51-b37d-9d7a9de4e556','3baec571-879b-4268-8ecb-0a758117ff37',NULL),(65,'\'amondnickname\'가 민초 어떻게 생각함?에 좋아요를 누르셨습니다.','2022-02-17 15:13:07.747000',_binary '',2,'3baec571-879b-4268-8ecb-0a758117ff37','b59e89ac-f5dc-4ec2-aac7-ad6372ed0f74',8),(66,'\\\'해태123\\\'가 팔로우 요청 하였습니다.','2022-02-17 15:13:09.052000',_binary '\0',4,'28cd48e6-1335-4788-92a7-0bf5bbdc3cff','3baec571-879b-4268-8ecb-0a758117ff37',NULL),(67,'\\\'해태123\\\'가 팔로우 요청 하였습니다.','2022-02-17 15:13:12.994000',_binary '\0',4,'b59e89ac-f5dc-4ec2-aac7-ad6372ed0f74','3baec571-879b-4268-8ecb-0a758117ff37',NULL),(68,'\\\'해태123\\\'가 팔로우 요청 하였습니다.','2022-02-17 15:13:15.243000',_binary '\0',4,'8cd896c5-759b-4bd0-9b9f-6533f8ef551f','3baec571-879b-4268-8ecb-0a758117ff37',NULL),(69,'\'amondnickname\'가 팔로우 요청 하였습니다.','2022-02-17 15:15:01.100000',_binary '\0',4,'38e54352-c883-4785-9f5a-ee0305ef11ba','b59e89ac-f5dc-4ec2-aac7-ad6372ed0f74',NULL),(70,'\'amondnickname\'가 팔로우 요청 하였습니다.','2022-02-17 15:15:08.758000',_binary '\0',4,'1155085f-575c-4f4c-b39b-e9d1786dbfe7','b59e89ac-f5dc-4ec2-aac7-ad6372ed0f74',NULL),(71,'\'amondnickname\'가 팔로우 요청 하였습니다.','2022-02-17 15:15:32.225000',_binary '\0',4,'427ce9d0-d9fe-4456-a09a-03fe3ea11b8b','b59e89ac-f5dc-4ec2-aac7-ad6372ed0f74',NULL),(72,'\\\'잘못구운감자\\\'가 팔로우 요청 하였습니다.','2022-02-17 15:15:56.685000',_binary '\0',4,'b59e89ac-f5dc-4ec2-aac7-ad6372ed0f74','f06f80bc-b1eb-4635-a9f0-ee6aca09165d',NULL),(73,'\\\'Nomoo\\\'가 어떤 게임이 1위 일까요?에 좋아요를 누르셨습니다.','2022-02-17 15:16:21.646000',_binary '\0',2,'b59e89ac-f5dc-4ec2-aac7-ad6372ed0f74','3f4bbb26-d524-4907-a759-776a2ca6c59f',3),(74,'\\\'해태123\\\'가 중국집 메뉴에 좋아요를 누르셨습니다.','2022-02-17 15:16:24.863000',_binary '\0',2,'8a2b37c4-2708-4919-940f-a0cbcde7277d','3baec571-879b-4268-8ecb-0a758117ff37',5),(75,'\\\'해태123\\\'가 아이돌 좋아하시나요?에 좋아요를 누르셨습니다.','2022-02-17 15:16:26.972000',_binary '\0',2,'1c2b143e-6544-456b-a8db-f4a225542c13','3baec571-879b-4268-8ecb-0a758117ff37',4),(76,'\\\'해태123\\\'가 점심뭐먹을 까요에 좋아요를 누르셨습니다.','2022-02-17 15:16:37.572000',_binary '\0',2,'28cd48e6-1335-4788-92a7-0bf5bbdc3cff','3baec571-879b-4268-8ecb-0a758117ff37',7),(77,'\'amondnickname\'가 태블릿 은 아이패드!에 좋아요를 누르셨습니다.','2022-02-17 15:17:49.880000',_binary '\0',2,'b59e89ac-f5dc-4ec2-aac7-ad6372ed0f74','b59e89ac-f5dc-4ec2-aac7-ad6372ed0f74',12),(78,'\'amondnickname\'가 중국집 메뉴에 좋아요를 누르셨습니다.','2022-02-17 15:17:57.734000',_binary '\0',2,'8a2b37c4-2708-4919-940f-a0cbcde7277d','b59e89ac-f5dc-4ec2-aac7-ad6372ed0f74',5),(79,'\'amondnickname\'가 배달비 실화냐??에 좋아요를 누르셨습니다.','2022-02-17 15:20:46.084000',_binary '\0',2,'b59e89ac-f5dc-4ec2-aac7-ad6372ed0f74','b59e89ac-f5dc-4ec2-aac7-ad6372ed0f74',13),(80,'\\\'해태123\\\'가 옷좀 골라주세요에 좋아요를 누르셨습니다.','2022-02-17 15:20:57.188000',_binary '',2,'3baec571-879b-4268-8ecb-0a758117ff37','3baec571-879b-4268-8ecb-0a758117ff37',14),(81,'\'amondnickname\'가 코테 언어 추천에 좋아요를 누르셨습니다.','2022-02-17 15:21:16.288000',_binary '\0',2,'28cd48e6-1335-4788-92a7-0bf5bbdc3cff','b59e89ac-f5dc-4ec2-aac7-ad6372ed0f74',11),(82,'\'amondnickname\'가 팔로우 요청 하였습니다.','2022-02-17 15:21:19.762000',_binary '\0',4,'28cd48e6-1335-4788-92a7-0bf5bbdc3cff','b59e89ac-f5dc-4ec2-aac7-ad6372ed0f74',NULL),(83,'\'amondnickname\'가 메호가 맞냐 호메가 맞냐에 좋아요를 누르셨습니다.','2022-02-17 15:23:17.152000',_binary '',2,'3baec571-879b-4268-8ecb-0a758117ff37','b59e89ac-f5dc-4ec2-aac7-ad6372ed0f74',10),(84,'\'diamond\'가 옷좀 골라주세요에 좋아요를 누르셨습니다.','2022-02-17 15:24:20.732000',_binary '',2,'3baec571-879b-4268-8ecb-0a758117ff37','d45ed83d-4648-4c51-b37d-9d7a9de4e556',14),(85,'\'diamond\'가 점심뭐먹을 까요에 좋아요를 누르셨습니다.','2022-02-17 15:24:21.794000',_binary '\0',2,'28cd48e6-1335-4788-92a7-0bf5bbdc3cff','d45ed83d-4648-4c51-b37d-9d7a9de4e556',7),(86,'\'diamond\'가 배달비 실화냐??에 좋아요를 누르셨습니다.','2022-02-17 15:24:22.948000',_binary '\0',2,'b59e89ac-f5dc-4ec2-aac7-ad6372ed0f74','d45ed83d-4648-4c51-b37d-9d7a9de4e556',13),(87,'\'diamond\'가 코테 언어 추천에 좋아요를 누르셨습니다.','2022-02-17 15:24:24.607000',_binary '\0',2,'28cd48e6-1335-4788-92a7-0bf5bbdc3cff','d45ed83d-4648-4c51-b37d-9d7a9de4e556',11),(88,'\'diamond\'가 메호가 맞냐 호메가 맞냐에 좋아요를 누르셨습니다.','2022-02-17 15:24:26.194000',_binary '',2,'3baec571-879b-4268-8ecb-0a758117ff37','d45ed83d-4648-4c51-b37d-9d7a9de4e556',10),(89,'\'diamond\'가 팔로우 요청 하였습니다.','2022-02-17 15:25:00.224000',_binary '\0',4,'1c2b143e-6544-456b-a8db-f4a225542c13','d45ed83d-4648-4c51-b37d-9d7a9de4e556',NULL),(90,'\'diamond\'가 팔로우 요청 하였습니다.','2022-02-17 15:25:04.534000',_binary '\0',4,'1155085f-575c-4f4c-b39b-e9d1786dbfe7','d45ed83d-4648-4c51-b37d-9d7a9de4e556',NULL),(91,'\'diamond\'가 핸드폰 추천해주세요에 좋아요를 누르셨습니다.','2022-02-17 15:25:39.055000',_binary '\0',2,'28cd48e6-1335-4788-92a7-0bf5bbdc3cff','d45ed83d-4648-4c51-b37d-9d7a9de4e556',15),(92,'\'제갈싸피\'가 핸드폰 추천해주세요에 좋아요를 누르셨습니다.','2022-02-17 15:27:07.485000',_binary '\0',2,'28cd48e6-1335-4788-92a7-0bf5bbdc3cff','28cd48e6-1335-4788-92a7-0bf5bbdc3cff',15),(93,'\'diamond\'가 강아지 vs 고양이에 좋아요를 누르셨습니다.','2022-02-17 15:29:42.126000',_binary '\0',2,'d45ed83d-4648-4c51-b37d-9d7a9de4e556','d45ed83d-4648-4c51-b37d-9d7a9de4e556',16),(94,'\'diamond\'가 민초 어떻게 생각함?에 좋아요를 누르셨습니다.','2022-02-17 15:30:09.106000',_binary '',2,'3baec571-879b-4268-8ecb-0a758117ff37','d45ed83d-4648-4c51-b37d-9d7a9de4e556',8),(95,'\'제갈싸피\'가 팔로우 요청 하였습니다.','2022-02-17 16:05:19.649000',_binary '\0',4,'1c2b143e-6544-456b-a8db-f4a225542c13','28cd48e6-1335-4788-92a7-0bf5bbdc3cff',NULL),(96,'\'제갈싸피\'가 민초 어떻게 생각함?에 좋아요를 누르셨습니다.','2022-02-17 16:06:59.060000',_binary '',2,'3baec571-879b-4268-8ecb-0a758117ff37','28cd48e6-1335-4788-92a7-0bf5bbdc3cff',8),(97,'\'정싸피\'가 민초 어떻게 생각함?에 좋아요를 누르셨습니다.','2022-02-17 16:14:09.360000',_binary '',2,'3baec571-879b-4268-8ecb-0a758117ff37','8a2b37c4-2708-4919-940f-a0cbcde7277d',8),(98,'\'웅대디\'가 여사친이나 남사친 깻잎 겹쳐있을때에 좋아요를 누르셨습니다.','2022-02-17 17:58:37.326000',_binary '\0',2,'28cd48e6-1335-4788-92a7-0bf5bbdc3cff','f42a8708-945b-4537-9ddd-aa1128d64c93',19),(99,'\'웅대디\'가 팔로우 요청 하였습니다.','2022-02-17 18:00:09.059000',_binary '\0',4,'f06f80bc-b1eb-4635-a9f0-ee6aca09165d','f42a8708-945b-4537-9ddd-aa1128d64c93',NULL),(100,'\'amondnickname\'가 치킨 폴라몰라골라에 좋아요를 누르셨습니다.','2022-02-17 18:14:30.462000',_binary '',2,'3baec571-879b-4268-8ecb-0a758117ff37','b59e89ac-f5dc-4ec2-aac7-ad6372ed0f74',21),(101,'\'diamond\'가 치킨 폴라몰라골라에 좋아요를 누르셨습니다.','2022-02-17 18:14:49.441000',_binary '',2,'3baec571-879b-4268-8ecb-0a758117ff37','d45ed83d-4648-4c51-b37d-9d7a9de4e556',21),(102,'\'amondnickname\'가 데이트할때 보통 어떻게 하나요?에 좋아요를 누르셨습니다.','2022-02-17 18:17:21.159000',_binary '',2,'3baec571-879b-4268-8ecb-0a758117ff37','b59e89ac-f5dc-4ec2-aac7-ad6372ed0f74',22),(103,'\'해태123\'가 치킨 뭐먹을까요에 좋아요를 누르셨습니다.','2022-02-17 18:18:22.955000',_binary '',2,'3baec571-879b-4268-8ecb-0a758117ff37','3baec571-879b-4268-8ecb-0a758117ff37',23),(104,'\'잘못구운감자\'가 중국집 메뉴에 좋아요를 누르셨습니다.','2022-02-17 18:46:55.935000',_binary '\0',2,'8a2b37c4-2708-4919-940f-a0cbcde7277d','f06f80bc-b1eb-4635-a9f0-ee6aca09165d',5),(105,'\'잘못구운감자\'가 중국집 메뉴에 좋아요를 누르셨습니다.','2022-02-17 18:46:57.046000',_binary '\0',2,'8a2b37c4-2708-4919-940f-a0cbcde7277d','f06f80bc-b1eb-4635-a9f0-ee6aca09165d',5),(106,'\'잘못구운감자\'가 치킨 뭐먹을까요에 좋아요를 누르셨습니다.','2022-02-17 18:47:00.394000',_binary '',2,'3baec571-879b-4268-8ecb-0a758117ff37','f06f80bc-b1eb-4635-a9f0-ee6aca09165d',23),(107,'\'잘못구운감자\'가 배달비 실화냐??에 좋아요를 누르셨습니다.','2022-02-17 18:47:01.420000',_binary '\0',2,'b59e89ac-f5dc-4ec2-aac7-ad6372ed0f74','f06f80bc-b1eb-4635-a9f0-ee6aca09165d',13),(108,'\'잘못구운감자\'가 태블릿 은 아이패드!에 좋아요를 누르셨습니다.','2022-02-17 18:47:02.203000',_binary '\0',2,'b59e89ac-f5dc-4ec2-aac7-ad6372ed0f74','f06f80bc-b1eb-4635-a9f0-ee6aca09165d',12),(109,'\'잘못구운감자\'가 데이트할때 보통 어떻게 하나요?에 좋아요를 누르셨습니다.','2022-02-17 18:47:03.558000',_binary '',2,'3baec571-879b-4268-8ecb-0a758117ff37','f06f80bc-b1eb-4635-a9f0-ee6aca09165d',22),(110,'\'잘못구운감자\'가 코테 언어 추천에 좋아요를 누르셨습니다.','2022-02-17 18:47:04.346000',_binary '\0',2,'28cd48e6-1335-4788-92a7-0bf5bbdc3cff','f06f80bc-b1eb-4635-a9f0-ee6aca09165d',11),(111,'\'잘못구운감자\'가 치킨 폴라몰라골라에 좋아요를 누르셨습니다.','2022-02-17 18:47:05.498000',_binary '',2,'3baec571-879b-4268-8ecb-0a758117ff37','f06f80bc-b1eb-4635-a9f0-ee6aca09165d',21),(112,'\'잘못구운감자\'가 메호가 맞냐 호메가 맞냐에 좋아요를 누르셨습니다.','2022-02-17 18:47:06.199000',_binary '',2,'3baec571-879b-4268-8ecb-0a758117ff37','f06f80bc-b1eb-4635-a9f0-ee6aca09165d',10),(113,'\'잘못구운감자\'가 강아지 vs 고양이에 좋아요를 누르셨습니다.','2022-02-17 18:47:07.296000',_binary '\0',2,'f42a8708-945b-4537-9ddd-aa1128d64c93','f06f80bc-b1eb-4635-a9f0-ee6aca09165d',20),(114,'\'잘못구운감자\'가 메호가 맞냐 호메가 맞냐에 좋아요를 누르셨습니다.','2022-02-17 18:47:07.977000',_binary '',2,'3baec571-879b-4268-8ecb-0a758117ff37','f06f80bc-b1eb-4635-a9f0-ee6aca09165d',9),(115,'\'잘못구운감자\'가 여사친이나 남사친 깻잎 겹쳐있을때에 좋아요를 누르셨습니다.','2022-02-17 18:47:09.142000',_binary '\0',2,'28cd48e6-1335-4788-92a7-0bf5bbdc3cff','f06f80bc-b1eb-4635-a9f0-ee6aca09165d',19),(116,'\'잘못구운감자\'가 민초 어떻게 생각함?에 좋아요를 누르셨습니다.','2022-02-17 18:47:10.126000',_binary '',2,'3baec571-879b-4268-8ecb-0a758117ff37','f06f80bc-b1eb-4635-a9f0-ee6aca09165d',8),(117,'\'잘못구운감자\'가 부먹 vs 찍먹에 좋아요를 누르셨습니다.','2022-02-17 18:47:11.329000',_binary '\0',2,'f06f80bc-b1eb-4635-a9f0-ee6aca09165d','f06f80bc-b1eb-4635-a9f0-ee6aca09165d',18),(118,'\'제갈싸피\'가 치킨 뭐먹을까요에 좋아요를 누르셨습니다.','2022-02-17 18:47:12.321000',_binary '',2,'3baec571-879b-4268-8ecb-0a758117ff37','28cd48e6-1335-4788-92a7-0bf5bbdc3cff',23),(119,'\'잘못구운감자\'가 두통약 추천해주세요에 좋아요를 누르셨습니다.','2022-02-17 18:47:12.405000',_binary '\0',2,'28cd48e6-1335-4788-92a7-0bf5bbdc3cff','f06f80bc-b1eb-4635-a9f0-ee6aca09165d',17),(120,'\'잘못구운감자\'가 강아지 vs 고양이에 좋아요를 누르셨습니다.','2022-02-17 18:47:14.530000',_binary '\0',2,'d45ed83d-4648-4c51-b37d-9d7a9de4e556','f06f80bc-b1eb-4635-a9f0-ee6aca09165d',16),(121,'\'잘못구운감자\'가 핸드폰 추천해주세요에 좋아요를 누르셨습니다.','2022-02-17 18:47:15.563000',_binary '\0',2,'28cd48e6-1335-4788-92a7-0bf5bbdc3cff','f06f80bc-b1eb-4635-a9f0-ee6aca09165d',15),(122,'\'잘못구운감자\'가 옷좀 골라주세요에 좋아요를 누르셨습니다.','2022-02-17 18:47:16.791000',_binary '',2,'3baec571-879b-4268-8ecb-0a758117ff37','f06f80bc-b1eb-4635-a9f0-ee6aca09165d',14),(123,'\'키보드라네\'가 치킨 뭐먹을까요에 좋아요를 누르셨습니다.','2022-02-17 18:55:53.499000',_binary '',2,'3baec571-879b-4268-8ecb-0a758117ff37','b59e89ac-f5dc-4ec2-aac7-ad6372ed0f74',23),(124,'\'키보드라네\'가 강아지 vs 고양이에 좋아요를 누르셨습니다.','2022-02-17 19:12:48.776000',_binary '\0',2,'f42a8708-945b-4537-9ddd-aa1128d64c93','b59e89ac-f5dc-4ec2-aac7-ad6372ed0f74',20),(125,'\'키보드라네\'가 팔로우 요청 하였습니다.','2022-02-17 19:15:11.876000',_binary '\0',4,'d45ed83d-4648-4c51-b37d-9d7a9de4e556','b59e89ac-f5dc-4ec2-aac7-ad6372ed0f74',NULL),(126,'\'키보드라네\'가 팔로우 요청 하였습니다.','2022-02-17 19:16:20.582000',_binary '\0',4,'d45ed83d-4648-4c51-b37d-9d7a9de4e556','b59e89ac-f5dc-4ec2-aac7-ad6372ed0f74',NULL),(130,'\'3대550\'가 팔로우 요청 하였습니다.','2022-02-17 21:34:17.475000',_binary '\0',4,'3f4bbb26-d524-4907-a759-776a2ca6c59f','7c392bde-9b37-458b-9380-9ca83a890c0a',NULL),(131,'\'3대550\'가 팔로우 요청 하였습니다.','2022-02-17 21:40:13.100000',_binary '\0',4,'f06f80bc-b1eb-4635-a9f0-ee6aca09165d','7c392bde-9b37-458b-9380-9ca83a890c0a',NULL),(132,'\'제갈싸피\'가 배달비 실화냐??에 좋아요를 누르셨습니다.','2022-02-17 22:23:43.717000',_binary '\0',2,'b59e89ac-f5dc-4ec2-aac7-ad6372ed0f74','28cd48e6-1335-4788-92a7-0bf5bbdc3cff',13),(133,'\'잘못구운감자\'가 어떤 게임이 1위 일까요?에 좋아요를 누르셨습니다.','2022-02-17 23:38:02.080000',_binary '\0',2,'b59e89ac-f5dc-4ec2-aac7-ad6372ed0f74','f06f80bc-b1eb-4635-a9f0-ee6aca09165d',3),(134,'\'잘못구운감자\'가 팔로우 요청 하였습니다.','2022-02-17 23:49:40.346000',_binary '\0',4,'d45ed83d-4648-4c51-b37d-9d7a9de4e556','f06f80bc-b1eb-4635-a9f0-ee6aca09165d',NULL),(135,'\'잘못구운감자\'가 팔로우 요청 하였습니다.','2022-02-18 00:31:59.060000',_binary '\0',4,'7c392bde-9b37-458b-9380-9ca83a890c0a','f06f80bc-b1eb-4635-a9f0-ee6aca09165d',NULL),(136,'\'해태123\'가 여사친이나 남사친 깻잎 겹쳐있을때에 좋아요를 누르셨습니다.','2022-02-18 00:50:34.848000',_binary '\0',2,'28cd48e6-1335-4788-92a7-0bf5bbdc3cff','3baec571-879b-4268-8ecb-0a758117ff37',19),(137,'\'키보드라네\'가 팔로우 요청 하였습니다.','2022-02-18 09:37:44.579000',_binary '\0',4,'28cd48e6-1335-4788-92a7-0bf5bbdc3cff','b59e89ac-f5dc-4ec2-aac7-ad6372ed0f74',NULL),(138,'\'ggg히\'가 치킨 뭐먹을까요에 좋아요를 누르셨습니다.','2022-02-18 10:13:49.306000',_binary '\0',2,'3baec571-879b-4268-8ecb-0a758117ff37','0a73eff6-8205-4ded-8bd7-a800efc57c80',23),(139,'\'키보드라네\'가 팔로우 요청 하였습니다.','2022-02-18 10:14:51.709000',_binary '\0',4,'28cd48e6-1335-4788-92a7-0bf5bbdc3cff','b59e89ac-f5dc-4ec2-aac7-ad6372ed0f74',NULL);
/*!40000 ALTER TABLE `Notification` ENABLE KEYS */;
UNLOCK TABLES;

--
-- Table structure for table `Reply`
--

DROP TABLE IF EXISTS `Reply`;
/*!40101 SET @saved_cs_client     = @@character_set_client */;
/*!50503 SET character_set_client = utf8mb4 */;
CREATE TABLE `Reply` (
  `replyId` bigint NOT NULL AUTO_INCREMENT,
  `replyContent` varchar(1000) DEFAULT NULL,
  `replyCreateTime` datetime(6) DEFAULT NULL,
  `replyDepth` bigint DEFAULT NULL,
  `userId` varchar(36) DEFAULT NULL,
  `voteId` bigint DEFAULT NULL,
  PRIMARY KEY (`replyId`),
  KEY `FK4prfnyfefar8xrw9n1n7375ym` (`voteId`),
  KEY `FKqnspgy412rv4dfcmv69hsf4px` (`userId`),
  CONSTRAINT `FK4prfnyfefar8xrw9n1n7375ym` FOREIGN KEY (`voteId`) REFERENCES `Vote` (`voteId`) ON DELETE CASCADE ON UPDATE CASCADE,
  CONSTRAINT `FKqnspgy412rv4dfcmv69hsf4px` FOREIGN KEY (`userId`) REFERENCES `User` (`uid`) ON DELETE CASCADE ON UPDATE CASCADE
) ENGINE=InnoDB AUTO_INCREMENT=35 DEFAULT CHARSET=utf8mb3;
/*!40101 SET character_set_client = @saved_cs_client */;

--
-- Dumping data for table `Reply`
--

LOCK TABLES `Reply` WRITE;
/*!40000 ALTER TABLE `Reply` DISABLE KEYS */;
INSERT INTO `Reply` VALUES (9,'당연히 롤이지','2022-02-17 11:28:46.741000',0,'9b723252-c729-484e-a56d-eb25054b862a',3),(10,'자바는 없나요?','2022-02-17 15:21:08.299000',0,'b59e89ac-f5dc-4ec2-aac7-ad6372ed0f74',11),(11,'ㅇㅈㅋㅋ','2022-02-17 15:21:36.613000',0,'b59e89ac-f5dc-4ec2-aac7-ad6372ed0f74',3),(12,'옷 핏이 기가막히네요','2022-02-17 15:26:49.002000',0,'28cd48e6-1335-4788-92a7-0bf5bbdc3cff',14),(13,'ㄷㄷ...','2022-02-17 15:26:51.969000',0,'f06f80bc-b1eb-4635-a9f0-ee6aca09165d',14),(14,'닥후','2022-02-17 15:28:14.835000',0,'f06f80bc-b1eb-4635-a9f0-ee6aca09165d',15),(16,'부어먹을거면 왜 튀기냐? 제발 생각좀...','2022-02-17 16:06:34.070000',0,'28cd48e6-1335-4788-92a7-0bf5bbdc3cff',18),(17,'치약을 왜 먹어ㅡㅡ','2022-02-17 16:07:18.250000',0,'28cd48e6-1335-4788-92a7-0bf5bbdc3cff',8),(18,'이거 너무 빡세다..','2022-02-17 16:07:55.190000',0,'28cd48e6-1335-4788-92a7-0bf5bbdc3cff',16),(19,'아이폰 쓰면 아이패드 아님 갤탭이 좋은듯','2022-02-17 16:08:54.464000',0,'28cd48e6-1335-4788-92a7-0bf5bbdc3cff',12),(20,'요즘 배달비 미쳤음 ㅡㅡ','2022-02-17 16:09:45.928000',0,'28cd48e6-1335-4788-92a7-0bf5bbdc3cff',13),(21,'그냥 깻잎 정도는 떼줄수 있지 않나?','2022-02-17 16:10:52.241000',0,'8a2b37c4-2708-4919-940f-a0cbcde7277d',19),(22,'찍먹 개극혐 ㅡㅡ','2022-02-17 16:11:35.617000',0,'8a2b37c4-2708-4919-940f-a0cbcde7277d',18),(23,'ㅇㅈㅇㅈ 깻잎 그게 뭐라고 ㅋㅋㅋㅋㅋ','2022-02-17 16:15:13.992000',0,'f06f80bc-b1eb-4635-a9f0-ee6aca09165d',19),(24,'강아지 너무 귀여워요~~~~','2022-02-17 16:17:01.499000',0,'8a2b37c4-2708-4919-940f-a0cbcde7277d',16),(25,'족발을 위해 6000원 쯤이야','2022-02-17 16:21:41.041000',0,'8a2b37c4-2708-4919-940f-a0cbcde7277d',13),(26,'감자가 붙어있으면 어떻게 해주나요?','2022-02-17 17:58:59.015000',0,'f42a8708-945b-4537-9ddd-aa1128d64c93',19),(27,'당연히 고추바사삭 아닌가?','2022-02-17 18:13:29.190000',0,'3baec571-879b-4268-8ecb-0a758117ff37',21),(28,'아니 ㅋㅋㅋㅋㅋㅋㅋㅋ 무슨 글쓴이 여친은 진짜 있냐?ㅋㅋㅋㅋㅋㅋㅋㅋㅋㅋㅋㅋㅋㅋㅋㅋㅋㅋㅋㅋ','2022-02-17 18:23:29.262000',0,'28cd48e6-1335-4788-92a7-0bf5bbdc3cff',22),(29,'아니 고추바사삭 순살이 국룰 이난기요? ㅡㅡ','2022-02-17 18:36:32.760000',0,'28cd48e6-1335-4788-92a7-0bf5bbdc3cff',23),(30,'황올 짱~','2022-02-17 18:55:32.940000',0,'b59e89ac-f5dc-4ec2-aac7-ad6372ed0f74',23),(31,'고바순...ㄹㅈㄷ','2022-02-17 21:40:38.875000',0,'f06f80bc-b1eb-4635-a9f0-ee6aca09165d',23),(32,'댓글 매운거보소 ㅋㅋㅋㅋㅋㅋㅋㅋㅋㅋ','2022-02-17 23:40:59.798000',0,'f06f80bc-b1eb-4635-a9f0-ee6aca09165d',22),(33,'감자는 두개 다드세용','2022-02-18 01:08:27.793000',0,'f06f80bc-b1eb-4635-a9f0-ee6aca09165d',19),(34,'마싯겟다','2022-02-18 10:13:37.756000',0,'0a73eff6-8205-4ded-8bd7-a800efc57c80',23);
/*!40000 ALTER TABLE `Reply` ENABLE KEYS */;
UNLOCK TABLES;

--
-- Table structure for table `User`
--

DROP TABLE IF EXISTS `User`;
/*!40101 SET @saved_cs_client     = @@character_set_client */;
/*!50503 SET character_set_client = utf8mb4 */;
CREATE TABLE `User` (
  `uid` varchar(36) NOT NULL,
  `password` varchar(255) DEFAULT NULL,
  `userBirthday` datetime(6) DEFAULT NULL,
  `userEmail` varchar(45) DEFAULT NULL,
  `userGender` bit(1) DEFAULT NULL,
  `userId` varchar(16) DEFAULT NULL,
  `userNickname` varchar(16) DEFAULT NULL,
  `userProfilePhoto` varchar(1000) DEFAULT NULL,
  `userSex` bit(1) DEFAULT NULL,
  PRIMARY KEY (`uid`),
  UNIQUE KEY `UK_5ir1yd4k8cjxl4oaeksk9mu3a` (`userId`)
) ENGINE=InnoDB DEFAULT CHARSET=utf8mb3;
/*!40101 SET character_set_client = @saved_cs_client */;

--
-- Dumping data for table `User`
--

LOCK TABLES `User` WRITE;
/*!40000 ALTER TABLE `User` DISABLE KEYS */;
INSERT INTO `User` VALUES ('058cd97f-638b-4e82-82df-8ff521964a38','{bcrypt}$2a$10$FjIKmW.ro9xVP5Ef/knG3.BX1be0LsU5Vo2XKXAxfdubmgv/wgBs.','2021-11-11 09:00:00.000000','ziu974@gmail.com',_binary '','polamolar','포카폴라','https://pollar-bucket.s3.ap-northeast-2.amazonaws.com/profile/91d4746c-7fb7-44a6-9904-533c99194e87profile.jpeg',NULL),('05a93fdf-a792-471f-be42-cce3b2c0af34','{bcrypt}$2a$10$kcFGScjs.X0LYbMSwpN0yu9zOHWzsRvhb3mNZzcH5AuuUpgiADmE.','1996-04-17 09:00:00.000000','rain7633@naver.com',_binary '','urim0417','둥이','https://pollar-bucket.s3.ap-northeast-2.amazonaws.com/profile/d8a5a7e1-aa28-434f-9083-0f4a01c3b73aimg2.jpg',NULL),('0a73eff6-8205-4ded-8bd7-a800efc57c80','{bcrypt}$2a$10$VMqT0X35arEOvLBvH4TQI.kkPEYS9QqsJLBU5Vy2s2z0Ggo3.YoWy','2022-02-01 09:00:00.000000','yunhy96@naver.com',_binary '\0','yunhy96','ggg히','https://pollar-bucket.s3.ap-northeast-2.amazonaws.com/profile/201da85e-103c-4950-b024-14857a7fb49bIMG_20171008_123001.jpg',NULL),('1155085f-575c-4f4c-b39b-e9d1786dbfe7','{bcrypt}$2a$10$WJzRRHfyp9NcVo2Qn6537uDDAsWKpVdgFRzbr9a4YPUvXgAW21mKq','2021-11-03 09:00:00.000000','j@j.com',_binary '','10ssafy','버그발견',NULL,NULL),('1c2b143e-6544-456b-a8db-f4a225542c13','{bcrypt}$2a$10$SG.lFMKhINZ3WlWXTkeRhONLjsjbEhJncLsETYRPAfjecFCDvPMhq','2022-01-01 09:00:00.000000','g@g.com',_binary '','7ssafy','폴라',NULL,NULL),('28cd48e6-1335-4788-92a7-0bf5bbdc3cff','{bcrypt}$2a$10$UbfflI8rsSPuDd5aKyqdY.4SAJRL1IjyFDQW1IGCBIQDxin5qA5XO','2022-02-01 09:00:00.000000','ser@sdf.com',_binary '\0','2ssafy','제갈싸피','https://pollar-bucket.s3.ap-northeast-2.amazonaws.com/profile/7d627dc3-e324-4e36-9950-2ff5637a366cKakaoTalk_20201231_190820063_11.jpg',NULL),('33209d9a-85e5-4db0-845b-7fe767279e47','{bcrypt}$2a$10$wcaIRrMoGYb7NCVd4P9C4OSXiOpVh04qs1igkUukijLsCdOeZx3gO','2022-02-01 09:00:00.000000','mistake9518@gmail.com',_binary '\0','mistake04','잘못구운치즈','https://pollar-bucket.s3.ap-northeast-2.amazonaws.com/profile/e44a35b2-5cd4-4497-b1c7-6782c935c7feKakaoTalk_20150718_082731186.jpg',NULL),('38e54352-c883-4785-9f5a-ee0305ef11ba','{bcrypt}$2a$10$hhLNXw.OoHvwE0Uw16pQ3usyfOHgsYZG.tJCB9oJAVXRNPt1R1Bo.','2022-02-01 09:00:00.000000','f@f.com',_binary '','6ssafy','민초단',NULL,NULL),('3baec571-879b-4268-8ecb-0a758117ff37','{bcrypt}$2a$10$FDV8ZIdOpGO29oG4crv12OhRcyV0MnSwD7r9sB8Vgg4/C/s9Gyzfm','2022-02-09 09:00:00.000000','schw240@gmail.com',_binary '\0','rlagkswn75','해태123',NULL,NULL),('3f4bbb26-d524-4907-a759-776a2ca6c59f','{bcrypt}$2a$10$Ey3keNrifWQKFfzFF3.G7.5PXfQiXsPSRjFT.Rw8s0AE9.zt69bwK','1994-08-31 09:00:00.000000','sklove1994@gmail.com',_binary '\0','kaopoo1994','Nomoo',NULL,NULL),('427ce9d0-d9fe-4456-a09a-03fe3ea11b8b','{bcrypt}$2a$10$ESyJE0xRh63S9lbj3B893ubsAmej9DK5B.j9BQqIoDOG38qdHvsmS','2022-02-03 09:00:00.000000','yhy0818@gmail.com',_binary '\0','yhy0818','ggg',NULL,NULL),('5a2a0ab0-6a1f-41db-beae-515880dd0b6e','{bcrypt}$2a$10$dOJ2UyvJdHBOGIm5VX.iSuhB/8WDSTDvn.n5IAk2gSRxoZ2b4gm/O','2021-11-08 09:00:00.000000','aass0903@gmail.com',_binary '\0','ssafy1234','민초싫어',NULL,NULL),('644a5cc0-0a3b-42f9-b7ba-29b51d9fa702','{bcrypt}$2a$10$EB21YCGpQDLZC0b217.lTOsDf1Hw5n/dRrzcYb5E0BB4PXBUjH7/W','2021-11-10 09:00:00.000000','h@h.com',_binary '\0','8ssafy','불닭볶음면',NULL,NULL),('67d57feb-b4a0-4523-afb9-e510a88d4ec9','{bcrypt}$2a$10$NDnbyt4SU6P.CLnNJla/uOXFhB.hYELAT8B/AFZG8R.DXrVrsuDfu','2022-02-02 09:00:00.000000','jyh3797@naver.com',_binary '\0','ssafyssafy','admin',NULL,NULL),('7c392bde-9b37-458b-9380-9ca83a890c0a','{bcrypt}$2a$10$OqGUIJdmaUkQN4dNk.i3bOw8S7YlAHrHpC8w1k.Vu1rIRJF.xi/YO','1994-09-13 09:00:00.000000','skaxodmssksk@naver.com',_binary '\0','skaxodms156','3대550','https://pollar-bucket.s3.ap-northeast-2.amazonaws.com/profile/f9daf855-3549-44a7-9fa5-faab267a3144KakaoTalk_20220217_213632541.jpg',NULL),('8a226938-9f25-4923-87e2-4b172e26bedf','{bcrypt}$2a$10$BXxrAm74X6HZKdg.sGR2IORetFgbhzaByyYxDPxTMjfTDkJmQnaP6','2003-01-17 09:00:00.000000','i@i.com',_binary '','9ssafy','구싸피',NULL,NULL),('8a2b37c4-2708-4919-940f-a0cbcde7277d','{bcrypt}$2a$10$bEXKV0ndB/emcECzOFAyb.02dVjsEy52LRQdcX83BVfxaZvDVktkK','2022-01-01 09:00:00.000000','as@asasd.com',_binary '\0','1ssafy','정싸피',NULL,NULL),('8cd896c5-759b-4bd0-9b9f-6533f8ef551f','{bcrypt}$2a$10$4BQC9a7TktaKEzV0ZKF1vOUmlqnKYTCUsSld7tv2rjiSlDbzX4gsm','2022-02-02 09:00:00.000000','aass0900@naver.com',_binary '\0','ssafy12','ssafy12','https://pollar-bucket.s3.ap-northeast-2.amazonaws.com/profile/8a7a0751-ab34-4e94-a2f7-7d259093f55eKakaoTalk_20210902_220617256_13.jpg',NULL),('8dee4e31-83ee-4702-baf4-ab60adff4890','{bcrypt}$2a$10$rlgAAQQJXltY/dstxjAX/.FrcdkQraTGqzA17HP29NZW7CVxeTmxi','2019-06-11 09:00:00.000000','b@b.com',_binary '','4ssafy','한싸피',NULL,NULL),('99717cee-3f1f-4e9a-9c4a-7db174febbb4','{bcrypt}$2a$10$hYs1LCnufSo0r9PCfmkCq.JJdoHDPS303oMz6kjVPO2vjRdQ8Hnfq','2022-02-01 09:00:00.000000','ssafy1@naver.com',_binary '\0','ssafy3','싸피3',NULL,NULL),('9b723252-c729-484e-a56d-eb25054b862a','{bcrypt}$2a$10$xHDL34upkrMAoD./79A/SeN.rK7KIbjyL/YB7pyFaB9RELMmaANhW','2022-02-01 09:00:00.000000','aass0903@naver.com',_binary '\0','ssafy123','김동규',NULL,NULL),('aa7b91e5-ee73-4749-afb4-007ca51f08c0','{bcrypt}$2a$10$v75/KHHG3NPGhUIpRi7lhuKyyYbgmvxKPeYCApFDEf1rWQo3XsE2a','2022-02-02 09:00:00.000000','rainy@rainy.com',_binary '','rainy12','밖에비온다','https://pollar-bucket.s3.ap-northeast-2.amazonaws.com/profile/ab5ab1b2-d152-4fc7-a8d8-68cda18ae015img2.jpg',NULL),('b24f1a37-6932-4ed4-af2c-ff8350bc8e71','{bcrypt}$2a$10$RqcWxtzM2Qi1JfFfYzIM3uPWHs6rgVcbo.OEDVqMFpjXqntVk.fMe','2022-02-07 09:00:00.000000','schw240@naver.com',_binary '\0','ssafy1','김싸피1',NULL,NULL),('b59e89ac-f5dc-4ec2-aac7-ad6372ed0f74','{bcrypt}$2a$10$4o2ahiSvWRbqlulWTqEU9eyuAWrNdp4nYkCOX7PB.4YSYZ8BjDcfK','2020-02-14 09:00:00.000000','aao95@naver.com',_binary '\0','amondond','키보드라네','https://pollar-bucket.s3.ap-northeast-2.amazonaws.com/profile/b07511a8-e868-4017-bf83-258779df9492KakaoTalk_20211208_172705771.jpg',NULL),('c182478a-4a48-42d2-b3c6-0b9ebbbfcf15','{bcrypt}$2a$10$UpkSF4XFA8AaE4dnCL1Bu.8Q8fyEZkZ.pBXwtHHTCigNcWY6WJHsi','1989-02-02 09:00:00.000000','test@test.com',_binary '\0','test12','테스트계정',NULL,NULL),('d2fe28bf-cd76-4076-b4f7-f59d7eef0935','{bcrypt}$2a$10$XCxU2nbWpGqrL19Zcn2S6ecoHVSWXgiPSG98rV5lAsTVXXDM7VbYy','2022-02-01 09:00:00.000000','top1h@naver.com',_binary '\0','ssafyspy0217','스파이',NULL,NULL),('d45ed83d-4648-4c51-b37d-9d7a9de4e556','{bcrypt}$2a$10$VEW8zs7nLX1rn9NF7fGAieVioh/uTiFWV8V82hetqDsrixURimr.C','2003-02-11 09:00:00.000000','aao95@daum.net',_binary '\0','aao950','diamond',NULL,NULL),('da8745ea-a84c-4aa6-8bde-5ebd65ef8440','{bcrypt}$2a$10$/Ea5bQqoT2CL6bgrLcwqLuiGreR5GYYuRbQWuEz4PRn7U61mZchCy','2021-11-08 09:00:00.000000','e@e.com',_binary '','5ssafy','아졸려',NULL,NULL),('db805944-de72-4927-80df-e05ee5aea528','{bcrypt}$2a$10$UB2rYgPoCaCaAkxakCpbGOF1zF7CuJLWErOmjCPpcSTfWgPEw009.','2022-02-23 09:00:00.000000','okqwaszx12@naver.com',_binary '\0','okqwaszx123','아아아아',NULL,NULL),('dc7578d1-5046-4ba9-a1ec-c5ae6dbafd59','{bcrypt}$2a$10$DwBKaurInNdR7kAd2336k.3Z3Rggk5TsZ8JIhu.z7phPjgPxBbXie','2021-08-02 09:00:00.000000','a@a.com',_binary '','3ssafy','양싸피',NULL,NULL),('f06f80bc-b1eb-4635-a9f0-ee6aca09165d','{bcrypt}$2a$10$7H8HcqLapziMkmc2pEej0.dYlBp5O0.YT3xdHV7pXCIZMc5xSe79.','1995-01-01 09:00:00.000000','mistake03@naver.com',_binary '\0','mistake03','잘못구운감자','https://pollar-bucket.s3.ap-northeast-2.amazonaws.com/profile/aeef8ef8-484e-44a0-bb5b-3a170d4f2bfdbackground.jpg',NULL),('f42a8708-945b-4537-9ddd-aa1128d64c93','{bcrypt}$2a$10$nvVZR3jkx7Em4Q03O2f39OrS0fHJzGjPFAyzgCgDY38AHpZwa3P9W','1996-01-22 09:00:00.000000','gganzii1215@gmail.com',_binary '\0','gganzii1215','웅대디','https://pollar-bucket.s3.ap-northeast-2.amazonaws.com/profile/26392e44-6b8e-4c5c-95b7-4124df1d89ecKakaoTalk_20220215_234953539.jpg',NULL);
/*!40000 ALTER TABLE `User` ENABLE KEYS */;
UNLOCK TABLES;

--
-- Table structure for table `UserCategory`
--

DROP TABLE IF EXISTS `UserCategory`;
/*!40101 SET @saved_cs_client     = @@character_set_client */;
/*!50503 SET character_set_client = utf8mb4 */;
CREATE TABLE `UserCategory` (
  `userCategoryId` bigint NOT NULL AUTO_INCREMENT,
  `categoryId` bigint DEFAULT NULL,
  `uid` varchar(36) DEFAULT NULL,
  PRIMARY KEY (`userCategoryId`),
  KEY `FKhvvf8lcsitys9ltp71ttv3u88` (`uid`),
  KEY `FKstuivo0pbulyv4qik3ed3vrl0` (`categoryId`),
  CONSTRAINT `FKhvvf8lcsitys9ltp71ttv3u88` FOREIGN KEY (`uid`) REFERENCES `User` (`uid`) ON DELETE CASCADE ON UPDATE CASCADE,
  CONSTRAINT `FKstuivo0pbulyv4qik3ed3vrl0` FOREIGN KEY (`categoryId`) REFERENCES `Category` (`categoryId`) ON DELETE CASCADE ON UPDATE CASCADE
) ENGINE=InnoDB AUTO_INCREMENT=12 DEFAULT CHARSET=utf8mb3;
/*!40101 SET character_set_client = @saved_cs_client */;

--
-- Dumping data for table `UserCategory`
--

LOCK TABLES `UserCategory` WRITE;
/*!40000 ALTER TABLE `UserCategory` DISABLE KEYS */;
INSERT INTO `UserCategory` VALUES (4,92,'28cd48e6-1335-4788-92a7-0bf5bbdc3cff'),(5,39,'28cd48e6-1335-4788-92a7-0bf5bbdc3cff'),(6,15,'28cd48e6-1335-4788-92a7-0bf5bbdc3cff'),(7,19,'f06f80bc-b1eb-4635-a9f0-ee6aca09165d'),(8,12,'f06f80bc-b1eb-4635-a9f0-ee6aca09165d'),(9,3,'f06f80bc-b1eb-4635-a9f0-ee6aca09165d'),(10,51,'b59e89ac-f5dc-4ec2-aac7-ad6372ed0f74'),(11,21,'b59e89ac-f5dc-4ec2-aac7-ad6372ed0f74');
/*!40000 ALTER TABLE `UserCategory` ENABLE KEYS */;
UNLOCK TABLES;

--
-- Table structure for table `UserNotificationState`
--

DROP TABLE IF EXISTS `UserNotificationState`;
/*!40101 SET @saved_cs_client     = @@character_set_client */;
/*!50503 SET character_set_client = utf8mb4 */;
CREATE TABLE `UserNotificationState` (
  `userNotificationStateId` bigint NOT NULL AUTO_INCREMENT,
  `allNotificationState` bit(1) DEFAULT NULL,
  `feedNotificationState` bit(1) DEFAULT NULL,
  `followNotificationState` bit(1) DEFAULT NULL,
  `userId` varchar(36) DEFAULT NULL,
  PRIMARY KEY (`userNotificationStateId`),
  KEY `FK9ue6xebi77qsfop72t2alqx58` (`userId`),
  CONSTRAINT `FK9ue6xebi77qsfop72t2alqx58` FOREIGN KEY (`userId`) REFERENCES `User` (`uid`) ON DELETE CASCADE ON UPDATE CASCADE
) ENGINE=InnoDB AUTO_INCREMENT=41 DEFAULT CHARSET=utf8mb3;
/*!40101 SET character_set_client = @saved_cs_client */;

--
-- Dumping data for table `UserNotificationState`
--

LOCK TABLES `UserNotificationState` WRITE;
/*!40000 ALTER TABLE `UserNotificationState` DISABLE KEYS */;
INSERT INTO `UserNotificationState` VALUES (1,_binary '',_binary '',_binary '','8cd896c5-759b-4bd0-9b9f-6533f8ef551f'),(2,_binary '',_binary '',_binary '','aa7b91e5-ee73-4749-afb4-007ca51f08c0'),(3,_binary '',_binary '',_binary '','b59e89ac-f5dc-4ec2-aac7-ad6372ed0f74'),(4,_binary '',_binary '',_binary '','427ce9d0-d9fe-4456-a09a-03fe3ea11b8b'),(5,_binary '',_binary '',_binary '','b24f1a37-6932-4ed4-af2c-ff8350bc8e71'),(6,_binary '',_binary '',_binary '','9b723252-c729-484e-a56d-eb25054b862a'),(7,_binary '',_binary '',_binary '','3baec571-879b-4268-8ecb-0a758117ff37'),(8,_binary '',_binary '',_binary '','5a2a0ab0-6a1f-41db-beae-515880dd0b6e'),(9,_binary '',_binary '',_binary '','99717cee-3f1f-4e9a-9c4a-7db174febbb4'),(10,_binary '',_binary '',_binary '','8a2b37c4-2708-4919-940f-a0cbcde7277d'),(11,_binary '',_binary '',_binary '','28cd48e6-1335-4788-92a7-0bf5bbdc3cff'),(12,_binary '',_binary '',_binary '','dc7578d1-5046-4ba9-a1ec-c5ae6dbafd59'),(13,_binary '',_binary '',_binary '','8dee4e31-83ee-4702-baf4-ab60adff4890'),(14,_binary '',_binary '',_binary '','d45ed83d-4648-4c51-b37d-9d7a9de4e556'),(15,_binary '',_binary '',_binary '','da8745ea-a84c-4aa6-8bde-5ebd65ef8440'),(16,_binary '',_binary '',_binary '','38e54352-c883-4785-9f5a-ee0305ef11ba'),(17,_binary '',_binary '',_binary '','1c2b143e-6544-456b-a8db-f4a225542c13'),(18,_binary '',_binary '',_binary '','644a5cc0-0a3b-42f9-b7ba-29b51d9fa702'),(19,_binary '',_binary '',_binary '','8a226938-9f25-4923-87e2-4b172e26bedf'),(20,_binary '',_binary '',_binary '','1155085f-575c-4f4c-b39b-e9d1786dbfe7'),(21,_binary '',_binary '',_binary '','c182478a-4a48-42d2-b3c6-0b9ebbbfcf15'),(22,_binary '',_binary '',_binary '','f06f80bc-b1eb-4635-a9f0-ee6aca09165d'),(23,_binary '',_binary '',_binary '','3f4bbb26-d524-4907-a759-776a2ca6c59f'),(24,_binary '',_binary '',_binary '','db805944-de72-4927-80df-e05ee5aea528'),(25,_binary '',_binary '',_binary '','d2fe28bf-cd76-4076-b4f7-f59d7eef0935'),(26,_binary '',_binary '',_binary '','f42a8708-945b-4537-9ddd-aa1128d64c93'),(30,_binary '',_binary '',_binary '','05a93fdf-a792-471f-be42-cce3b2c0af34'),(31,_binary '',_binary '',_binary '','7c392bde-9b37-458b-9380-9ca83a890c0a'),(32,_binary '',_binary '',_binary '','058cd97f-638b-4e82-82df-8ff521964a38'),(38,_binary '',_binary '',_binary '','33209d9a-85e5-4db0-845b-7fe767279e47'),(39,_binary '',_binary '',_binary '','67d57feb-b4a0-4523-afb9-e510a88d4ec9'),(40,_binary '',_binary '',_binary '','0a73eff6-8205-4ded-8bd7-a800efc57c80');
/*!40000 ALTER TABLE `UserNotificationState` ENABLE KEYS */;
UNLOCK TABLES;

--
-- Table structure for table `Vote`
--

DROP TABLE IF EXISTS `Vote`;
/*!40101 SET @saved_cs_client     = @@character_set_client */;
/*!50503 SET character_set_client = utf8mb4 */;
CREATE TABLE `Vote` (
  `voteId` bigint NOT NULL AUTO_INCREMENT,
  `userAnonymouseType` bit(1) DEFAULT NULL,
  `voteAnonymouseType` bit(1) DEFAULT NULL,
  `voteContent` varchar(1000) DEFAULT NULL,
  `voteCreateTime` datetime(6) DEFAULT NULL,
  `voteExpirationTime` timestamp NULL DEFAULT CURRENT_TIMESTAMP,
  `voteName` varchar(255) DEFAULT NULL,
  `voteType` bit(1) DEFAULT NULL,
  `userId` varchar(36) DEFAULT NULL,
  PRIMARY KEY (`voteId`),
  KEY `FKgc588s398h53obuydedl7i155` (`userId`),
  CONSTRAINT `FKgc588s398h53obuydedl7i155` FOREIGN KEY (`userId`) REFERENCES `User` (`uid`) ON DELETE CASCADE ON UPDATE CASCADE
) ENGINE=InnoDB AUTO_INCREMENT=24 DEFAULT CHARSET=utf8mb3;
/*!40101 SET character_set_client = @saved_cs_client */;

--
-- Dumping data for table `Vote`
--

LOCK TABLES `Vote` WRITE;
/*!40000 ALTER TABLE `Vote` DISABLE KEYS */;
INSERT INTO `Vote` VALUES (3,_binary '\0',_binary '\0','자기가 생각하는 1위 게임을 골라주세요','2022-02-17 11:14:21.833000','2022-02-20 09:00:52','어떤 게임이 1위 일까요?',_binary '','b59e89ac-f5dc-4ec2-aac7-ad6372ed0f74'),(4,_binary '\0',_binary '\0','아이돌이 좋다 안좋다~','2022-02-17 11:34:00.456000','2022-02-20 15:00:52','아이돌 좋아하시나요?',_binary '\0','1c2b143e-6544-456b-a8db-f4a225542c13'),(5,_binary '\0',_binary '\0','중국집 메뉴 추천','2022-02-17 11:39:20.769000','2022-02-23 11:39:21','중국집 메뉴',_binary '','8a2b37c4-2708-4919-940f-a0cbcde7277d'),(7,_binary '\0',_binary '\0','골라주세요~~','2022-02-17 11:44:40.436000','2022-02-18 17:44:40','점심뭐먹을 까요',_binary '\0','28cd48e6-1335-4788-92a7-0bf5bbdc3cff'),(8,_binary '\0',_binary '\0','다들 민초 어떻게 생각하는지 투표좀 진짜 개 진지함','2022-02-17 15:12:34.059000','2022-02-26 15:15:12','민초 어떻게 생각함?',_binary '','3baec571-879b-4268-8ecb-0a758117ff37'),(9,_binary '\0',_binary '\0','제목으로 모든 설명을 다했다','2022-02-17 15:16:11.792000','2022-02-18 15:16:12','메호가 맞냐 호메가 맞냐',_binary '\0','3baec571-879b-4268-8ecb-0a758117ff37'),(10,_binary '\0',_binary '\0','제목으로 모든 설명을 다했다','2022-02-17 15:16:14.519000','2022-02-18 15:16:15','메호가 맞냐 호메가 맞냐',_binary '\0','3baec571-879b-4268-8ecb-0a758117ff37'),(11,_binary '\0',_binary '\0','코테 공부 시작하려는데 파이썬으로 할까요? C++로 할까요?','2022-02-17 15:16:38.521000','2022-02-18 15:16:39','코테 언어 추천',_binary '','28cd48e6-1335-4788-92a7-0bf5bbdc3cff'),(12,_binary '\0',_binary '\0','아이패드 vs 갤탭','2022-02-17 15:17:40.874000','2022-02-18 15:17:41','태블릿 은 아이패드!',_binary '','b59e89ac-f5dc-4ec2-aac7-ad6372ed0f74'),(13,_binary '\0',_binary '\0','족발먹고싶은데 배달비 6000원인데 님들같으면 시키심?','2022-02-17 15:20:37.421000','2022-02-18 15:20:37','배달비 실화냐??',_binary '','b59e89ac-f5dc-4ec2-aac7-ad6372ed0f74'),(14,_binary '\0',_binary '\0','오늘 소개팅인데 뭐입어야할지 모르겠어요\n\n도와주세요 여러분 ㅠㅠ','2022-02-17 15:20:48.313000','2022-02-18 15:15:37','옷좀 골라주세요',_binary '\0','3baec571-879b-4268-8ecb-0a758117ff37'),(15,_binary '\0',_binary '\0','아이폰 살지 갤럭시 살지 추천좀 해주세요','2022-02-17 15:24:20.253000','2022-02-18 15:24:20','핸드폰 추천해주세요',_binary '\0','28cd48e6-1335-4788-92a7-0bf5bbdc3cff'),(16,_binary '',_binary '','뭐가 더 귀여우신가요','2022-02-17 15:29:35.042000','2022-02-18 15:29:35','강아지 vs 고양이',_binary '\0','d45ed83d-4648-4c51-b37d-9d7a9de4e556'),(17,_binary '\0',_binary '\0','머리가 너무 아파요 ㅜㅜ 두통약 추천좀 해주세요','2022-02-17 15:35:03.846000','2022-02-18 15:35:04','두통약 추천해주세요',_binary '','28cd48e6-1335-4788-92a7-0bf5bbdc3cff'),(18,_binary '',_binary '\0','','2022-02-17 15:36:23.617000','2022-02-23 06:34:09','부먹 vs 찍먹',_binary '\0','f06f80bc-b1eb-4635-a9f0-ee6aca09165d'),(19,_binary '\0',_binary '','님들 이성인 친구랑 밥먹는데 깻잎 겹쳐서 혼자 못떼고 있으면 떼주나요','2022-02-17 15:42:10.125000','2022-02-20 15:42:10','여사친이나 남사친 깻잎 겹쳐있을때',_binary '','28cd48e6-1335-4788-92a7-0bf5bbdc3cff'),(20,_binary '',_binary '','멍멍이와 냥냥이 당신의 선택은 ?!','2022-02-17 17:55:05.840000','2022-02-19 18:59:57','강아지 vs 고양이',_binary '\0','f42a8708-945b-4537-9ddd-aa1128d64c93'),(21,_binary '\0',_binary '\0','치킨 메뉴좀 정해주세요 중요합니다','2022-02-17 18:12:47.682000','2022-03-11 18:30:15','치킨 폴라몰라골라',_binary '','3baec571-879b-4268-8ecb-0a758117ff37'),(22,_binary '',_binary '','연애가 너무 궁금한 김싸피.. \n이번에 새로운 여자친구가 생겼는데 무슨 데이트가 좋은지 골라주세요!','2022-02-17 18:15:50.137000','2022-02-22 18:15:50','데이트할때 보통 어떻게 하나요?',_binary '','3baec571-879b-4268-8ecb-0a758117ff37'),(23,_binary '',_binary '','치킨 골라주세요 진지합니다.','2022-02-17 18:18:16.931000','2022-02-18 17:25:27','치킨 뭐먹을까요',_binary '\0','3baec571-879b-4268-8ecb-0a758117ff37');
/*!40000 ALTER TABLE `Vote` ENABLE KEYS */;
UNLOCK TABLES;

--
-- Table structure for table `VoteCategory`
--

DROP TABLE IF EXISTS `VoteCategory`;
/*!40101 SET @saved_cs_client     = @@character_set_client */;
/*!50503 SET character_set_client = utf8mb4 */;
CREATE TABLE `VoteCategory` (
  `voteCategoryId` bigint NOT NULL AUTO_INCREMENT,
  `categoryId` bigint DEFAULT NULL,
  `voteId` bigint DEFAULT NULL,
  PRIMARY KEY (`voteCategoryId`),
  KEY `FKjoji43q0tbye1f1g3v2tlkarw` (`voteId`),
  KEY `FKnxlvbcn8y5cia97j35x68x932` (`categoryId`),
  CONSTRAINT `FKjoji43q0tbye1f1g3v2tlkarw` FOREIGN KEY (`voteId`) REFERENCES `Vote` (`voteId`) ON DELETE CASCADE ON UPDATE CASCADE,
  CONSTRAINT `FKnxlvbcn8y5cia97j35x68x932` FOREIGN KEY (`categoryId`) REFERENCES `Category` (`categoryId`) ON DELETE CASCADE ON UPDATE CASCADE
) ENGINE=InnoDB AUTO_INCREMENT=32 DEFAULT CHARSET=utf8mb3;
/*!40101 SET character_set_client = @saved_cs_client */;

--
-- Dumping data for table `VoteCategory`
--

LOCK TABLES `VoteCategory` WRITE;
/*!40000 ALTER TABLE `VoteCategory` DISABLE KEYS */;
INSERT INTO `VoteCategory` VALUES (2,21,3),(3,28,4),(4,26,4),(5,48,5),(8,51,7),(9,50,7),(10,48,7),(11,15,11),(12,19,12),(13,14,12),(14,51,13),(15,109,15),(16,63,16),(17,39,17),(18,51,18),(19,37,19),(20,35,19),(21,36,19),(22,109,20),(23,53,21),(24,52,21),(25,51,21),(26,37,22),(27,36,22),(28,24,22),(29,48,23),(30,50,23),(31,51,23);
/*!40000 ALTER TABLE `VoteCategory` ENABLE KEYS */;
UNLOCK TABLES;

--
-- Table structure for table `VoteLike`
--

DROP TABLE IF EXISTS `VoteLike`;
/*!40101 SET @saved_cs_client     = @@character_set_client */;
/*!50503 SET character_set_client = utf8mb4 */;
CREATE TABLE `VoteLike` (
  `voteLikeId` bigint NOT NULL AUTO_INCREMENT,
  `uid` varchar(36) DEFAULT NULL,
  `voteId` bigint DEFAULT NULL,
  `userId` varchar(36) DEFAULT NULL,
  PRIMARY KEY (`voteLikeId`),
  KEY `FK2me8gd213l5i4dstngthr6t0t` (`voteId`),
  KEY `FK30qa61l8sxc9pulqmeksij1mi` (`userId`),
  KEY `FKg8dacf6xbu9tgsakhexudw6eo` (`uid`),
  CONSTRAINT `FK2me8gd213l5i4dstngthr6t0t` FOREIGN KEY (`voteId`) REFERENCES `Vote` (`voteId`) ON DELETE CASCADE ON UPDATE CASCADE,
  CONSTRAINT `FK30qa61l8sxc9pulqmeksij1mi` FOREIGN KEY (`userId`) REFERENCES `User` (`uid`) ON DELETE CASCADE ON UPDATE CASCADE,
  CONSTRAINT `FKg8dacf6xbu9tgsakhexudw6eo` FOREIGN KEY (`uid`) REFERENCES `User` (`uid`) ON DELETE CASCADE ON UPDATE CASCADE
) ENGINE=InnoDB AUTO_INCREMENT=69 DEFAULT CHARSET=utf8mb3;
/*!40101 SET character_set_client = @saved_cs_client */;

--
-- Dumping data for table `VoteLike`
--

LOCK TABLES `VoteLike` WRITE;
/*!40000 ALTER TABLE `VoteLike` DISABLE KEYS */;
INSERT INTO `VoteLike` VALUES (3,'3baec571-879b-4268-8ecb-0a758117ff37',3,NULL),(4,'d45ed83d-4648-4c51-b37d-9d7a9de4e556',3,NULL),(5,'b59e89ac-f5dc-4ec2-aac7-ad6372ed0f74',3,NULL),(6,'1c2b143e-6544-456b-a8db-f4a225542c13',3,NULL),(7,'1c2b143e-6544-456b-a8db-f4a225542c13',4,NULL),(8,'28cd48e6-1335-4788-92a7-0bf5bbdc3cff',4,NULL),(9,'8a2b37c4-2708-4919-940f-a0cbcde7277d',4,NULL),(10,'8a2b37c4-2708-4919-940f-a0cbcde7277d',3,NULL),(11,'8a2b37c4-2708-4919-940f-a0cbcde7277d',5,NULL),(12,'28cd48e6-1335-4788-92a7-0bf5bbdc3cff',7,NULL),(13,'f06f80bc-b1eb-4635-a9f0-ee6aca09165d',7,NULL),(14,'f06f80bc-b1eb-4635-a9f0-ee6aca09165d',4,NULL),(17,'b59e89ac-f5dc-4ec2-aac7-ad6372ed0f74',8,NULL),(19,'3baec571-879b-4268-8ecb-0a758117ff37',5,NULL),(20,'3baec571-879b-4268-8ecb-0a758117ff37',4,NULL),(21,'3baec571-879b-4268-8ecb-0a758117ff37',7,NULL),(22,'b59e89ac-f5dc-4ec2-aac7-ad6372ed0f74',12,NULL),(23,'b59e89ac-f5dc-4ec2-aac7-ad6372ed0f74',5,NULL),(24,'b59e89ac-f5dc-4ec2-aac7-ad6372ed0f74',13,NULL),(25,'3baec571-879b-4268-8ecb-0a758117ff37',14,NULL),(26,'b59e89ac-f5dc-4ec2-aac7-ad6372ed0f74',11,NULL),(27,'b59e89ac-f5dc-4ec2-aac7-ad6372ed0f74',10,NULL),(28,'d45ed83d-4648-4c51-b37d-9d7a9de4e556',14,NULL),(29,'d45ed83d-4648-4c51-b37d-9d7a9de4e556',7,NULL),(30,'d45ed83d-4648-4c51-b37d-9d7a9de4e556',13,NULL),(31,'d45ed83d-4648-4c51-b37d-9d7a9de4e556',11,NULL),(32,'d45ed83d-4648-4c51-b37d-9d7a9de4e556',10,NULL),(33,'d45ed83d-4648-4c51-b37d-9d7a9de4e556',15,NULL),(34,'28cd48e6-1335-4788-92a7-0bf5bbdc3cff',15,NULL),(35,'d45ed83d-4648-4c51-b37d-9d7a9de4e556',16,NULL),(36,'d45ed83d-4648-4c51-b37d-9d7a9de4e556',8,NULL),(37,'28cd48e6-1335-4788-92a7-0bf5bbdc3cff',8,NULL),(38,'8a2b37c4-2708-4919-940f-a0cbcde7277d',8,NULL),(39,'f42a8708-945b-4537-9ddd-aa1128d64c93',19,NULL),(40,'b59e89ac-f5dc-4ec2-aac7-ad6372ed0f74',21,NULL),(41,'d45ed83d-4648-4c51-b37d-9d7a9de4e556',21,NULL),(42,'b59e89ac-f5dc-4ec2-aac7-ad6372ed0f74',22,NULL),(43,'3baec571-879b-4268-8ecb-0a758117ff37',23,NULL),(45,'f06f80bc-b1eb-4635-a9f0-ee6aca09165d',5,NULL),(46,'f06f80bc-b1eb-4635-a9f0-ee6aca09165d',23,NULL),(47,'f06f80bc-b1eb-4635-a9f0-ee6aca09165d',13,NULL),(48,'f06f80bc-b1eb-4635-a9f0-ee6aca09165d',12,NULL),(49,'f06f80bc-b1eb-4635-a9f0-ee6aca09165d',22,NULL),(50,'f06f80bc-b1eb-4635-a9f0-ee6aca09165d',11,NULL),(51,'f06f80bc-b1eb-4635-a9f0-ee6aca09165d',21,NULL),(52,'f06f80bc-b1eb-4635-a9f0-ee6aca09165d',10,NULL),(53,'f06f80bc-b1eb-4635-a9f0-ee6aca09165d',20,NULL),(54,'f06f80bc-b1eb-4635-a9f0-ee6aca09165d',9,NULL),(55,'f06f80bc-b1eb-4635-a9f0-ee6aca09165d',19,NULL),(56,'f06f80bc-b1eb-4635-a9f0-ee6aca09165d',8,NULL),(57,'f06f80bc-b1eb-4635-a9f0-ee6aca09165d',18,NULL),(58,'28cd48e6-1335-4788-92a7-0bf5bbdc3cff',23,NULL),(59,'f06f80bc-b1eb-4635-a9f0-ee6aca09165d',17,NULL),(60,'f06f80bc-b1eb-4635-a9f0-ee6aca09165d',16,NULL),(61,'f06f80bc-b1eb-4635-a9f0-ee6aca09165d',15,NULL),(62,'f06f80bc-b1eb-4635-a9f0-ee6aca09165d',14,NULL),(63,'b59e89ac-f5dc-4ec2-aac7-ad6372ed0f74',23,NULL),(64,'b59e89ac-f5dc-4ec2-aac7-ad6372ed0f74',20,NULL),(65,'28cd48e6-1335-4788-92a7-0bf5bbdc3cff',13,NULL),(66,'f06f80bc-b1eb-4635-a9f0-ee6aca09165d',3,NULL),(67,'3baec571-879b-4268-8ecb-0a758117ff37',19,NULL),(68,'0a73eff6-8205-4ded-8bd7-a800efc57c80',23,NULL);
/*!40000 ALTER TABLE `VoteLike` ENABLE KEYS */;
UNLOCK TABLES;

--
-- Table structure for table `VoteParticipate`
--

DROP TABLE IF EXISTS `VoteParticipate`;
/*!40101 SET @saved_cs_client     = @@character_set_client */;
/*!50503 SET character_set_client = utf8mb4 */;
CREATE TABLE `VoteParticipate` (
  `voteParticipateId` bigint NOT NULL AUTO_INCREMENT,
  `userId` varchar(36) DEFAULT NULL,
  `voteSelectId` bigint DEFAULT NULL,
  `voteId` bigint DEFAULT NULL,
  PRIMARY KEY (`voteParticipateId`),
  KEY `FK39vixg2y9twmef8on5ea6a9e9` (`userId`),
  KEY `FKofy7fxrtburqii7rvcqfvm4bx` (`voteSelectId`),
  KEY `FKr8aet8dbo36ufqdqffxx18p0i` (`voteId`),
  CONSTRAINT `FK39vixg2y9twmef8on5ea6a9e9` FOREIGN KEY (`userId`) REFERENCES `User` (`uid`) ON DELETE CASCADE ON UPDATE CASCADE,
  CONSTRAINT `FKofy7fxrtburqii7rvcqfvm4bx` FOREIGN KEY (`voteSelectId`) REFERENCES `VoteSelect` (`voteSelectId`) ON DELETE CASCADE ON UPDATE CASCADE,
  CONSTRAINT `FKr8aet8dbo36ufqdqffxx18p0i` FOREIGN KEY (`voteId`) REFERENCES `Vote` (`voteId`) ON DELETE CASCADE ON UPDATE CASCADE
) ENGINE=InnoDB AUTO_INCREMENT=169 DEFAULT CHARSET=utf8mb3;
/*!40101 SET character_set_client = @saved_cs_client */;

--
-- Dumping data for table `VoteParticipate`
--

LOCK TABLES `VoteParticipate` WRITE;
/*!40000 ALTER TABLE `VoteParticipate` DISABLE KEYS */;
INSERT INTO `VoteParticipate` VALUES (4,'d45ed83d-4648-4c51-b37d-9d7a9de4e556',6,NULL),(9,'1c2b143e-6544-456b-a8db-f4a225542c13',5,NULL),(10,'8cd896c5-759b-4bd0-9b9f-6533f8ef551f',6,NULL),(11,'1c2b143e-6544-456b-a8db-f4a225542c13',8,NULL),(12,'d45ed83d-4648-4c51-b37d-9d7a9de4e556',8,NULL),(14,'8a2b37c4-2708-4919-940f-a0cbcde7277d',5,NULL),(15,'8a2b37c4-2708-4919-940f-a0cbcde7277d',12,NULL),(16,'8a2b37c4-2708-4919-940f-a0cbcde7277d',8,NULL),(17,'28cd48e6-1335-4788-92a7-0bf5bbdc3cff',10,NULL),(19,'28cd48e6-1335-4788-92a7-0bf5bbdc3cff',7,NULL),(21,'b59e89ac-f5dc-4ec2-aac7-ad6372ed0f74',8,NULL),(24,'b59e89ac-f5dc-4ec2-aac7-ad6372ed0f74',14,NULL),(26,'3baec571-879b-4268-8ecb-0a758117ff37',16,NULL),(27,'b59e89ac-f5dc-4ec2-aac7-ad6372ed0f74',17,NULL),(28,'3baec571-879b-4268-8ecb-0a758117ff37',18,NULL),(29,'3baec571-879b-4268-8ecb-0a758117ff37',8,NULL),(30,'3baec571-879b-4268-8ecb-0a758117ff37',13,NULL),(31,'3f4bbb26-d524-4907-a759-776a2ca6c59f',14,NULL),(32,'3f4bbb26-d524-4907-a759-776a2ca6c59f',10,NULL),(34,'b59e89ac-f5dc-4ec2-aac7-ad6372ed0f74',20,NULL),(35,'f06f80bc-b1eb-4635-a9f0-ee6aca09165d',19,NULL),(36,'f06f80bc-b1eb-4635-a9f0-ee6aca09165d',20,NULL),(38,'f06f80bc-b1eb-4635-a9f0-ee6aca09165d',13,NULL),(39,'b59e89ac-f5dc-4ec2-aac7-ad6372ed0f74',27,NULL),(40,'3baec571-879b-4268-8ecb-0a758117ff37',28,NULL),(41,'b59e89ac-f5dc-4ec2-aac7-ad6372ed0f74',23,NULL),(42,'b59e89ac-f5dc-4ec2-aac7-ad6372ed0f74',5,NULL),(43,'b59e89ac-f5dc-4ec2-aac7-ad6372ed0f74',29,NULL),(44,'b59e89ac-f5dc-4ec2-aac7-ad6372ed0f74',10,NULL),(45,'d45ed83d-4648-4c51-b37d-9d7a9de4e556',29,NULL),(46,'d45ed83d-4648-4c51-b37d-9d7a9de4e556',17,NULL),(47,'d45ed83d-4648-4c51-b37d-9d7a9de4e556',27,NULL),(48,'d45ed83d-4648-4c51-b37d-9d7a9de4e556',15,NULL),(49,'d45ed83d-4648-4c51-b37d-9d7a9de4e556',24,NULL),(50,'f06f80bc-b1eb-4635-a9f0-ee6aca09165d',29,NULL),(51,'d45ed83d-4648-4c51-b37d-9d7a9de4e556',11,NULL),(52,'d45ed83d-4648-4c51-b37d-9d7a9de4e556',22,NULL),(53,'d45ed83d-4648-4c51-b37d-9d7a9de4e556',21,NULL),(54,'f06f80bc-b1eb-4635-a9f0-ee6aca09165d',22,NULL),(55,'f06f80bc-b1eb-4635-a9f0-ee6aca09165d',10,NULL),(56,'f06f80bc-b1eb-4635-a9f0-ee6aca09165d',25,NULL),(57,'f06f80bc-b1eb-4635-a9f0-ee6aca09165d',27,NULL),(58,'d45ed83d-4648-4c51-b37d-9d7a9de4e556',30,NULL),(59,'28cd48e6-1335-4788-92a7-0bf5bbdc3cff',28,NULL),(60,'f06f80bc-b1eb-4635-a9f0-ee6aca09165d',31,NULL),(61,'d45ed83d-4648-4c51-b37d-9d7a9de4e556',33,NULL),(64,'f06f80bc-b1eb-4635-a9f0-ee6aca09165d',32,NULL),(65,'28cd48e6-1335-4788-92a7-0bf5bbdc3cff',9,NULL),(68,'28cd48e6-1335-4788-92a7-0bf5bbdc3cff',37,NULL),(69,'28cd48e6-1335-4788-92a7-0bf5bbdc3cff',17,NULL),(70,'28cd48e6-1335-4788-92a7-0bf5bbdc3cff',33,NULL),(71,'28cd48e6-1335-4788-92a7-0bf5bbdc3cff',14,NULL),(72,'28cd48e6-1335-4788-92a7-0bf5bbdc3cff',25,NULL),(73,'28cd48e6-1335-4788-92a7-0bf5bbdc3cff',27,NULL),(74,'8a2b37c4-2708-4919-940f-a0cbcde7277d',39,NULL),(75,'8a2b37c4-2708-4919-940f-a0cbcde7277d',38,NULL),(76,'d45ed83d-4648-4c51-b37d-9d7a9de4e556',40,NULL),(77,'d45ed83d-4648-4c51-b37d-9d7a9de4e556',37,NULL),(78,'8a2b37c4-2708-4919-940f-a0cbcde7277d',16,NULL),(79,'d45ed83d-4648-4c51-b37d-9d7a9de4e556',34,NULL),(81,'8a2b37c4-2708-4919-940f-a0cbcde7277d',32,NULL),(82,'d2fe28bf-cd76-4076-b4f7-f59d7eef0935',5,NULL),(83,'d2fe28bf-cd76-4076-b4f7-f59d7eef0935',9,NULL),(84,'db805944-de72-4927-80df-e05ee5aea528',13,NULL),(85,'d2fe28bf-cd76-4076-b4f7-f59d7eef0935',11,NULL),(86,'8a2b37c4-2708-4919-940f-a0cbcde7277d',26,NULL),(87,'db805944-de72-4927-80df-e05ee5aea528',23,NULL),(88,'f06f80bc-b1eb-4635-a9f0-ee6aca09165d',38,NULL),(89,'db805944-de72-4927-80df-e05ee5aea528',20,NULL),(90,'db805944-de72-4927-80df-e05ee5aea528',39,NULL),(91,'f42a8708-945b-4537-9ddd-aa1128d64c93',22,NULL),(92,'f42a8708-945b-4537-9ddd-aa1128d64c93',21,NULL),(93,'f42a8708-945b-4537-9ddd-aa1128d64c93',18,NULL),(94,'f42a8708-945b-4537-9ddd-aa1128d64c93',36,NULL),(95,'f42a8708-945b-4537-9ddd-aa1128d64c93',16,NULL),(96,'f42a8708-945b-4537-9ddd-aa1128d64c93',32,NULL),(97,'f42a8708-945b-4537-9ddd-aa1128d64c93',30,NULL),(98,'f42a8708-945b-4537-9ddd-aa1128d64c93',10,NULL),(99,'f42a8708-945b-4537-9ddd-aa1128d64c93',9,NULL),(100,'f42a8708-945b-4537-9ddd-aa1128d64c93',24,NULL),(101,'f42a8708-945b-4537-9ddd-aa1128d64c93',26,NULL),(102,'f42a8708-945b-4537-9ddd-aa1128d64c93',39,NULL),(103,'3baec571-879b-4268-8ecb-0a758117ff37',43,NULL),(104,'b59e89ac-f5dc-4ec2-aac7-ad6372ed0f74',43,NULL),(105,'d45ed83d-4648-4c51-b37d-9d7a9de4e556',43,NULL),(109,'b59e89ac-f5dc-4ec2-aac7-ad6372ed0f74',50,NULL),(110,'3baec571-879b-4268-8ecb-0a758117ff37',50,NULL),(113,'05a93fdf-a792-471f-be42-cce3b2c0af34',51,NULL),(114,'05a93fdf-a792-471f-be42-cce3b2c0af34',27,NULL),(115,'05a93fdf-a792-471f-be42-cce3b2c0af34',24,NULL),(116,'05a93fdf-a792-471f-be42-cce3b2c0af34',22,NULL),(117,'b59e89ac-f5dc-4ec2-aac7-ad6372ed0f74',24,NULL),(118,'05a93fdf-a792-471f-be42-cce3b2c0af34',49,NULL),(119,'05a93fdf-a792-471f-be42-cce3b2c0af34',18,NULL),(120,'05a93fdf-a792-471f-be42-cce3b2c0af34',17,NULL),(121,'05a93fdf-a792-471f-be42-cce3b2c0af34',40,NULL),(122,'05a93fdf-a792-471f-be42-cce3b2c0af34',41,NULL),(123,'28cd48e6-1335-4788-92a7-0bf5bbdc3cff',51,NULL),(124,'05a93fdf-a792-471f-be42-cce3b2c0af34',38,NULL),(126,'05a93fdf-a792-471f-be42-cce3b2c0af34',35,NULL),(127,'05a93fdf-a792-471f-be42-cce3b2c0af34',11,NULL),(128,'05a93fdf-a792-471f-be42-cce3b2c0af34',5,NULL),(130,'f06f80bc-b1eb-4635-a9f0-ee6aca09165d',50,NULL),(133,'c182478a-4a48-42d2-b3c6-0b9ebbbfcf15',21,NULL),(134,'c182478a-4a48-42d2-b3c6-0b9ebbbfcf15',19,NULL),(136,'c182478a-4a48-42d2-b3c6-0b9ebbbfcf15',16,NULL),(138,'f06f80bc-b1eb-4635-a9f0-ee6aca09165d',43,NULL),(139,'f06f80bc-b1eb-4635-a9f0-ee6aca09165d',47,NULL),(140,'f06f80bc-b1eb-4635-a9f0-ee6aca09165d',41,NULL),(141,'f06f80bc-b1eb-4635-a9f0-ee6aca09165d',35,NULL),(144,'058cd97f-638b-4e82-82df-8ff521964a38',39,NULL),(147,'f06f80bc-b1eb-4635-a9f0-ee6aca09165d',8,NULL),(148,'f06f80bc-b1eb-4635-a9f0-ee6aca09165d',5,NULL),(150,'3baec571-879b-4268-8ecb-0a758117ff37',5,NULL),(151,'f06f80bc-b1eb-4635-a9f0-ee6aca09165d',17,NULL),(152,'3baec571-879b-4268-8ecb-0a758117ff37',10,NULL),(153,'3baec571-879b-4268-8ecb-0a758117ff37',22,NULL),(154,'3baec571-879b-4268-8ecb-0a758117ff37',21,NULL),(155,'3baec571-879b-4268-8ecb-0a758117ff37',41,NULL),(157,'f06f80bc-b1eb-4635-a9f0-ee6aca09165d',39,NULL),(159,'67d57feb-b4a0-4523-afb9-e510a88d4ec9',5,NULL),(160,'db805944-de72-4927-80df-e05ee5aea528',10,NULL),(161,'db805944-de72-4927-80df-e05ee5aea528',9,NULL),(162,'db805944-de72-4927-80df-e05ee5aea528',5,NULL),(163,'0a73eff6-8205-4ded-8bd7-a800efc57c80',39,NULL),(164,'0a73eff6-8205-4ded-8bd7-a800efc57c80',17,NULL),(165,'0a73eff6-8205-4ded-8bd7-a800efc57c80',10,NULL),(166,'0a73eff6-8205-4ded-8bd7-a800efc57c80',9,NULL),(167,'0a73eff6-8205-4ded-8bd7-a800efc57c80',46,NULL),(168,'0a73eff6-8205-4ded-8bd7-a800efc57c80',6,NULL);
/*!40000 ALTER TABLE `VoteParticipate` ENABLE KEYS */;
UNLOCK TABLES;

--
-- Table structure for table `VoteSelect`
--

DROP TABLE IF EXISTS `VoteSelect`;
/*!40101 SET @saved_cs_client     = @@character_set_client */;
/*!50503 SET character_set_client = utf8mb4 */;
CREATE TABLE `VoteSelect` (
  `voteSelectId` bigint NOT NULL AUTO_INCREMENT,
  `selectionContents` varchar(255) DEFAULT NULL,
  `selectionTitle` varchar(255) DEFAULT NULL,
  `voteId` bigint DEFAULT NULL,
  PRIMARY KEY (`voteSelectId`),
  KEY `FK23rbj7ouhyaw0b6jplcw631os` (`voteId`),
  CONSTRAINT `FK23rbj7ouhyaw0b6jplcw631os` FOREIGN KEY (`voteId`) REFERENCES `Vote` (`voteId`) ON DELETE CASCADE ON UPDATE CASCADE
) ENGINE=InnoDB AUTO_INCREMENT=54 DEFAULT CHARSET=utf8mb3;
/*!40101 SET character_set_client = @saved_cs_client */;

--
-- Dumping data for table `VoteSelect`
--

LOCK TABLES `VoteSelect` WRITE;
/*!40000 ALTER TABLE `VoteSelect` DISABLE KEYS */;
INSERT INTO `VoteSelect` VALUES (5,'LeagueOfLegend','1번 선택지',3),(6,'BattleGround','2번 선택지',3),(7,'오버워치','3번 선택지',3),(8,'https://pollar-bucket.s3.ap-northeast-2.amazonaws.com/votePhotos/c7784c7f-9671-4a84-adfa-137860e36d6fimage_readtop_2021_1106739_16383159304868250.jpg','1번 선택지',4),(9,'https://pollar-bucket.s3.ap-northeast-2.amazonaws.com/votePhotos/8596fe2f-d6e2-4808-bd93-9e6ec3a39942%ED%99%94%EB%A9%B4%20%EC%BA%A1%EC%B2%98%202022-02-17%20113339.png','2번 선택지',4),(10,'짜장면','1번 선택지',5),(11,'짬뽕','2번 선택지',5),(12,'볶음밥','3번 선택지',5),(13,'https://pollar-bucket.s3.ap-northeast-2.amazonaws.com/votePhotos/85dac676-1ddf-415d-9abc-4a09fae70fc2%EC%A7%9C%EC%9E%A5.jpg','1번 선택지',7),(14,'https://pollar-bucket.s3.ap-northeast-2.amazonaws.com/votePhotos/c1485461-5461-4136-a3e8-1b2b74767c29%ED%96%84%EB%B2%84%EA%B1%B0.jpg','2번 선택지',7),(15,'https://pollar-bucket.s3.ap-northeast-2.amazonaws.com/votePhotos/2aaef32f-f0b8-445c-ab3e-29825b58910c%EC%B9%B4%EB%A0%88.jpg','3번 선택지',7),(16,'민초 사랑한다','1번 선택지',8),(17,'민초 극혐한다','2번 선택지',8),(18,'https://pollar-bucket.s3.ap-northeast-2.amazonaws.com/votePhotos/831d4415-84e4-46db-a8a9-e4a2186cb300%EB%A9%94.jpg','1번 선택지',9),(19,'https://pollar-bucket.s3.ap-northeast-2.amazonaws.com/votePhotos/e56c1da8-6871-4bde-b5a9-af20b71f9016%ED%98%B8.jpg','2번 선택지',9),(20,'https://pollar-bucket.s3.ap-northeast-2.amazonaws.com/votePhotos/494edeb9-db5b-48e4-8fbc-8848759c6ed8%EB%A9%94.jpg','1번 선택지',10),(21,'https://pollar-bucket.s3.ap-northeast-2.amazonaws.com/votePhotos/15c3cf1c-8332-41bc-86c8-202454413cca%ED%98%B8.jpg','2번 선택지',10),(22,'Python','1번 선택지',11),(23,'C++','2번 선택지',11),(24,'아이패드','1번 선택지',12),(25,'갤탭','2번 선택지',12),(26,'족발인데 무적권먹음','1번 선택지',13),(27,'절대 안시킴 ;;;','2번 선택지',13),(28,'https://pollar-bucket.s3.ap-northeast-2.amazonaws.com/votePhotos/94ac1527-74db-41fa-bfb7-4b14d6616c6e%EC%98%B71.png','1번 선택지',14),(29,'https://pollar-bucket.s3.ap-northeast-2.amazonaws.com/votePhotos/8527fc77-6a2e-498a-8cc6-fb5f89b4a204%EC%98%B72.png','2번 선택지',14),(30,'https://pollar-bucket.s3.ap-northeast-2.amazonaws.com/votePhotos/4e521b62-91c2-47d8-99bf-0963ac9f2aec11.png','1번 선택지',15),(31,'https://pollar-bucket.s3.ap-northeast-2.amazonaws.com/votePhotos/43c6cb8e-337f-47e4-80da-e9aa7fc8d95522.png','2번 선택지',15),(32,'https://pollar-bucket.s3.ap-northeast-2.amazonaws.com/votePhotos/a7f313b1-71e3-488a-9e32-37f5ed7319de%EA%B0%95%EC%95%84%EC%A7%80.png','1번 선택지',16),(33,'https://pollar-bucket.s3.ap-northeast-2.amazonaws.com/votePhotos/daaa563b-4301-4e5f-bcd4-a0b5a030a712%EA%B3%A0%EC%96%91%EC%9D%B4.jpg','2번 선택지',16),(34,'타이레놀','1번 선택지',17),(35,'아스피린','2번 선택지',17),(36,'게보린','3번 선택지',17),(37,'https://pollar-bucket.s3.ap-northeast-2.amazonaws.com/votePhotos/5b2d4e77-4a0c-4f77-8410-711f7f395be9%EB%8B%A4%EC%9A%B4%EB%A1%9C%EB%93%9C%20%281%29.jpg','1번 선택지',18),(38,'https://pollar-bucket.s3.ap-northeast-2.amazonaws.com/votePhotos/f1c98452-bf10-4fc7-98e2-3267c801495f%EB%8B%A4%EC%9A%B4%EB%A1%9C%EB%93%9C.jpg','2번 선택지',18),(39,'깻잎 좀 떼줄수 있지 뭐가 어떠냐','1번 선택지',19),(40,'무슨 애인도 아니고 좀 오바다...','2번 선택지',19),(41,'https://pollar-bucket.s3.ap-northeast-2.amazonaws.com/votePhotos/d85656ef-9e01-4e91-9e1b-ce9fdfacf5e8KakaoTalk_20220217_175338907.png','1번 선택지',20),(42,'https://pollar-bucket.s3.ap-northeast-2.amazonaws.com/votePhotos/160c1b77-d682-4cf8-a578-32724202723dKakaoTalk_20220217_175350000.png','2번 선택지',20),(43,'굽네 고추바사삭','1번 선택지',21),(44,'비비큐 황금올리브','2번 선택지',21),(45,'후참 반반','3번 선택지',21),(46,'산책','1번 선택지',22),(47,'영화','2번 선택지',22),(48,'맛집','3번 선택지',22),(49,'카페','4번 선택지',22),(50,'https://pollar-bucket.s3.ap-northeast-2.amazonaws.com/votePhotos/183dc01a-652e-4e97-aa66-747758dc6dd6%EA%B3%A0%EC%B6%94%EB%B0%94%EC%82%AC%EC%82%AD.jfif','1번 선택지',23),(51,'https://pollar-bucket.s3.ap-northeast-2.amazonaws.com/votePhotos/8dc36dc3-5a37-494c-94c6-0c1423c16759%ED%91%B8%EB%9D%BC%EB%8B%AD.jfif','2번 선택지',23),(52,'https://pollar-bucket.s3.ap-northeast-2.amazonaws.com/votePhotos/8e7b71b7-5349-4e62-8040-647aa3be95f0%ED%99%A9%EC%98%AC.jfif','3번 선택지',23),(53,'https://pollar-bucket.s3.ap-northeast-2.amazonaws.com/votePhotos/9f7fdc6e-b6e0-4789-80c0-40adbf0f50ec%EA%B5%90%EC%B4%8C.jpg','4번 선택지',23);
/*!40000 ALTER TABLE `VoteSelect` ENABLE KEYS */;
UNLOCK TABLES;

--
-- Table structure for table `hibernate_sequence`
--

DROP TABLE IF EXISTS `hibernate_sequence`;
/*!40101 SET @saved_cs_client     = @@character_set_client */;
/*!50503 SET character_set_client = utf8mb4 */;
CREATE TABLE `hibernate_sequence` (
  `next_val` bigint DEFAULT NULL
) ENGINE=InnoDB DEFAULT CHARSET=utf8mb3;
/*!40101 SET character_set_client = @saved_cs_client */;

--
-- Dumping data for table `hibernate_sequence`
--

LOCK TABLES `hibernate_sequence` WRITE;
/*!40000 ALTER TABLE `hibernate_sequence` DISABLE KEYS */;
INSERT INTO `hibernate_sequence` VALUES (1);
/*!40000 ALTER TABLE `hibernate_sequence` ENABLE KEYS */;
UNLOCK TABLES;
/*!40103 SET TIME_ZONE=@OLD_TIME_ZONE */;

/*!40101 SET SQL_MODE=@OLD_SQL_MODE */;
/*!40014 SET FOREIGN_KEY_CHECKS=@OLD_FOREIGN_KEY_CHECKS */;
/*!40014 SET UNIQUE_CHECKS=@OLD_UNIQUE_CHECKS */;
/*!40101 SET CHARACTER_SET_CLIENT=@OLD_CHARACTER_SET_CLIENT */;
/*!40101 SET CHARACTER_SET_RESULTS=@OLD_CHARACTER_SET_RESULTS */;
/*!40101 SET COLLATION_CONNECTION=@OLD_COLLATION_CONNECTION */;
/*!40111 SET SQL_NOTES=@OLD_SQL_NOTES */;

-- Dump completed on 2022-02-18 10:29:38
